,dummy_spring,sale_year,title,artist,artist_birth_year 1,artist_alive,Medium,execution_year,height,width,dummy_signed,num_owners,num_exhibits,num_lit,lot_number,house_estimate_lower,house_estimate_upper,sale_price,sold
0,0,2010,THE SEVEN ACTS OF MERCY,2,1970,1,7,2004.0,284.5,630.6,0,2,1,1,49,1500000,2000000,2322500.0,1
1,0,2010,COWBOY,94,1923,1,8,1958.0,114.0,110.0,1,4,1,7,27,1800000,2500000,1762500.0,1
2,0,2010,MATROSEN (SAILORS),128,1932,1,8,1966.0,150.0,200.0,1,4,9,4,36,6000000,8000000,13242500.0,1
3,0,2010,FRANKFURT,86,1955,1,4,2007.0,238.0,506.0,0,1,2,1,8,1200000,1800000,2098500.0,1
4,0,2010,COCA-COLA [4] [LARGE COCA-COLA],93,1928,0,7,1962.0,207.6,144.1,1,5,6,9,12,20000000,25000000,35362500.0,1
5,0,2010,"VUE DE PARIS, LE PETIT COMMERCE",100,1901,0,8,1944.0,73.0,92.0,1,3,3,9,38,3000000,4000000,2100000.0,0
6,0,2010,FLOWERS,93,1928,0,7,1964.0,61.0,61.0,0,1,1,0,9,2500000,3500000,2658500.0,1
7,0,2010,MONTAUK III,133,1904,0,8,1969.0,184.2,179.2,1,1,2,4,25,5000000,7000000,9938500.0,1
8,0,2010,UNTITLED,99,1903,0,7,1968.0,84.5,65.5,0,8,1,0,34,800000,1200000,1082500.0,1
9,0,2010,PINK SEA,54,1913,0,8,1978.0,121.9,152.4,1,1,4,1,41,1500000,2000000,1538500.0,1
10,0,2010,THE ROAD TO MALIBU,124,1937,1,8,1988.0,61.0,243.8,1,2,2,1,52,800000,1200000,1142500.0,1
11,0,2010,WHEN WE STAY,103,1957,1,5,1997.0,609.6,487.0,0,2,1,0,2,500000,700000,2098500.0,1
12,0,2010,COCA-COLA,93,1928,0,4,1962.0,60.8,45.5,1,4,1,0,18,1000000,1500000,1482500.0,1
13,0,2010,UNTITLED,83,1958,0,7,1985.0,294.6,365.8,1,3,1,1,45,900000,1200000,1082500.0,1
14,0,2010,THE LAST SUPPER,93,1928,0,2,1986.0,101.6,101.6,0,3,3,1,16,4000000,6000000,6802500.0,1
15,0,2010,DIAMOND DUST SHOES,93,1928,0,7,1980.0,228.6,177.8,1,1,1,0,55,1200000,1800000,1426500.0,1
16,0,2010,EXILE,87,1925,0,4,1962.0,151.1,90.2,1,3,6,8,28,5000000,7000000,8034500.0,1
17,0,2010,UNTITLED (P180),68,1955,1,6,1993.0,228.6,152.4,1,2,1,0,3,1200000,1800000,1762500.0,1
18,0,2010,FRENCH MONEY III,92,1923,0,8,1962.0,89.0,150.0,1,2,1,0,11,300000,400000,1142500.0,1
19,0,2010,UNTITLED,99,1903,0,8,1955.0,232.7,175.3,1,3,8,5,21,20000000,30000000,22482500.0,1
20,0,2010,PAKIDERM,58,1960,0,7,1984.0,218.4,165.1,0,1,3,3,46,2000000,3000000,1594500.0,1
21,0,2010,ICE CREAM SODA,15,1923,0,8,1962.0,164.5,81.7,1,2,4,9,17,12000000,18000000,14082500.0,1
22,0,2010,TWILIGHT IN THE SWAMP,42,1880,0,8,1958.0,125.1,91.4,1,1,3,0,22,1200000,1800000,1650500.0,1
23,0,2010,SHADOWS,93,1928,0,7,1978.0,198.1,350.5,0,5,4,3,30,3000000,4000000,4226500.0,1
24,0,2010,WHITE WOMAN,49,1949,1,7,1990.0,243.8,190.5,1,4,1,0,5,2500000,3500000,3162500.0,1
25,0,2010,FIGURE IN MOVEMENT,74,1909,0,8,1985.0,198.7,147.8,1,1,7,2,31,7000000,10000000,14082500.0,1
26,0,2010,MALE HEAD,15,1923,0,8,1980.0,116.8,101.6,1,6,1,1,19,1200000,1800000,1874500.0,1
27,0,2010,STILL LIFE WITH LOBSTER,15,1923,0,8,1972.0,137.2,243.8,1,5,1,0,10,5000000,7000000,5962500.0,1
28,0,2010,MODERN PAINTING WITH FISHES,15,1923,0,8,1967.0,91.5,91.5,1,4,6,1,51,1500000,2000000,1762500.0,1
29,0,2010,UNTITLED (CHECK PAINTING) #12,49,1949,1,7,2004.0,274.3,396.2,0,2,1,0,54,1000000,1500000,1202500.0,1
30,0,2010,ABSTRAKTES BILD,128,1932,1,8,1985.0,175.0,250.0,1,4,1,5,43,4000000,6000000,4338500.0,1
31,0,2010,"RIDDLE ME THIS, BATMAN",58,1960,0,7,1987.0,297.8,290.2,1,1,5,4,44,4500000,6500000,6242500.0,1
32,0,2010,ABSTRAKTES BILD,128,1932,1,8,1992.0,260.4,200.0,1,4,1,2,35,5500000,7500000,11282500.0,1
33,0,2010,UNTITLED,62,1925,0,8,1973.0,240.0,182.9,0,3,1,0,39,2200000,2800000,2210500.0,1
34,0,2010,RED MAN,133,1904,0,8,1970.0,105.0,75.5,1,5,3,0,42,1600000,2000000,1874500.0,1
35,0,2011,GUDRUN,128,1932,1,8,1987.0,250.0,250.0,1,5,2,2,34,5500000,7500000,18002500.0,1
36,0,2011,VENERE FRANCHETTI,45,1928,0,8,1963.0,140.0,200.0,1,8,1,0,21,1800000,2500000,1762500.0,1
37,0,2011,CEDAR STREET,133,1904,0,4,1956.0,57.5,77.0,1,4,2,0,18,2500000,3500000,2322500.0,1
38,0,2011,UNTITLED,128,1932,1,8,1985.0,56.0,86.5,1,3,1,0,37,200000,300000,902500.0,1
39,0,2011,YELLOW,91,1941,1,7,1965.0,81.3,74.9,1,4,1,0,28,600000,800000,1022500.0,1
40,0,2011,THREE STUDIES FOR A SELF-PORTRAIT,74,1909,0,8,1967.0,36.0,30.0,0,2,4,5,16,15000000,20000000,19682500.0,1
41,0,2011,WITH CONVERSATION,124,1937,1,7,1988.0,91.0,213.4,1,5,1,0,61,1400000,1800000,979999.9999999999,0
42,0,2011,STELE DRAWING 9,36,1938,1,4,2007.0,42.6,22.9,1,2,1,0,70,500000,700000,350000.0,0
43,0,2011,UNTITLED,87,1925,0,9,1958.0,58.5,73.8,1,5,3,1,66,1000000,1500000,700000.0,0
44,0,2011,UNTITLED,62,1925,0,8,1960.0,242.6,199.4,1,3,1,0,19,4000000,6000000,9322500.0,1
45,0,2011,FOUR RED HORIZONTALS (TO SONJA),60,1933,0,5,1963.0,1.0,244.0,0,4,1,1,29,1000000,1500000,1706500.0,1
46,0,2011,ABSTRAKTES BILD,128,1932,1,8,1988.0,122.0,102.0,1,4,1,0,30,1800000,2500000,4674500.0,1
47,0,2011,MICKEY MOUSE (MYTH SERIES),93,1928,0,7,1981.0,152.4,152.4,1,4,6,2,8,3000000,5000000,3442500.0,1
48,0,2011,1947-Y-NO. 2,101,1904,0,8,1947.0,176.5,149.9,1,1,1,0,12,15000000,20000000,31442500.0,1
49,0,2011,UNTITLED #282,41,1954,1,1,1993.0,228.6,152.4,0,2,1,0,5,700000,900000,818500.0,1
50,0,2011,PH-1033,101,1904,0,8,1976.0,237.5,210.8,1,1,1,0,13,10000000,15000000,19682500.0,1
51,0,2011,"ADS: BLACKGLAMA, REBEL WITHOUT A CAUSE (JAMES DEAN), VOLKSWAGEN, LIFE SAVERS, CHANEL, THE NEW SPIRIT (DONALD DUCK), VAN HEUSEN, PARAMOUNT, MOBIL, AND APPLE",93,1928,0,7,1985.0,55.9,55.9,1,1,2,0,56,3000000,4000000,3610500.0,1
52,0,2011,STUDY FOR TIGER,94,1923,1,0,1952.0,81.9,87.0,1,3,2,3,68,200000,300000,686500.0,1
53,0,2011,ABSTRAKTES BILD,128,1932,1,8,1997.0,260.0,340.0,1,4,2,2,33,9000000,12000000,20802500.0,1
54,0,2011,I ASSUME YOU DRINK MARTELL,129,1955,1,4,1986.0,116.5,151.6,0,5,5,5,6,600000,800000,722500.0,1
55,0,2011,ROMAN THREE #2,96,1903,0,8,1963.0,228.0,152.4,1,8,3,1,76,900000,1200000,630000.0,0
56,0,2011,UNTITLED (WOMAN IN A FOREST),133,1904,0,8,1963.0,73.7,86.4,1,4,2,0,17,2000000,3000000,3050500.0,1
57,0,2011,PH-351,101,1904,0,8,1940.0,104.1,95.3,1,1,4,3,14,1000000,1500000,1258500.0,1
58,0,2011,UNTITLED,117,1922,0,7,1980.0,96.5,68.6,1,1,2,1,69,600000,800000,1142500.0,1
59,0,2011,UNTITLED,111,1912,0,0,1951.0,44.1,56.5,1,6,5,2,73,800000,1200000,962500.0,1
60,0,2011,GRASSHOPPER,28,1959,1,8,1990.0,200.0,250.0,1,6,1,0,10,1200000,1800000,1426500.0,1
61,0,2011,SPRING,113,1912,0,8,1965.0,30.5,30.5,1,4,1,0,44,1000000,1500000,1142500.0,1
62,0,2011,MÖHRE,128,1932,1,8,1984.0,200.0,160.0,1,4,4,0,36,2500000,3500000,6242500.0,1
63,0,2011,THREE JACKIES,93,1928,0,7,1964.0,50.8,40.6,0,17,7,1,51,3000000,4000000,2882500.0,1
64,0,2011,RAIN (2),128,1932,1,8,1988.0,67.4,91.5,1,5,1,1,32,700000,900000,3218500.0,1
65,0,2011,STUDY FOR PORTRAIT,74,1909,0,8,1979.0,35.6,35.6,1,7,3,0,43,2500000,3500000,4394500.0,1
66,0,2011,HIGH WINDOWS (HAPPY LIFE),102,1965,1,2,2006.0,243.8,243.8,1,2,1,0,3,1000000,1500000,1370500.0,1
67,0,2011,THE LAST SUPPER,93,1928,0,2,1986.0,101.6,101.6,0,3,1,0,22,5500000,7500000,6522500.0,1
68,0,2011,UNTITLED,131,1923,0,9,1958.0,67.3,101.6,1,1,7,2,65,400000,500000,722500.0,1
69,0,2011,"AMPHETAMINES, MARBLE",136,1937,1,8,1969.0,50.8,61.0,1,14,3,1,55,800000,1200000,560000.0,0
70,0,2011,HOMAGE TO THE SQUARE: TWO GRAYS BETWEEN TWO YELLOWS,112,1888,0,8,1960.0,121.9,121.9,1,1,3,1,75,500000,700000,494500.0,1
71,0,2011,NOW,136,1937,1,7,1990.0,91.4,106.7,1,4,1,1,52,800000,1200000,1314500.0,1
72,0,2011,EMBRACEABLE YOU,73,1954,1,7,1994.0,240.0,200.0,0,2,1,0,63,350000,450000,698500.0,1
73,0,2011,THE BLACK SEA,59,1948,1,8,1986.0,215.9,445.8,1,2,2,3,58,2000000,3000000,1400000.0,0
74,0,2011,STUDY FOR THE UNATTAINABLE,116,1904,0,0,1945.0,61.0,45.7,0,1,7,5,71,600000,800000,542500.0,1
75,0,2011,TWO LIONS (AGAIN),49,1949,1,7,2007.0,203.2,304.8,1,2,1,0,2,500000,700000,818500.0,1
76,0,2011,ABSTRAKTES BILD,128,1932,1,8,1990.0,122.0,102.0,1,3,1,1,35,1800000,2500000,6354500.0,1
77,0,2011,UNTITLED (PLUM AND DARK BROWN),99,1903,0,8,1964.0,236.5,193.0,1,6,4,1,23,8000000,12000000,5600000.0,0
78,0,2011,WOMAN IN A ROWBOAT,133,1904,0,5,1964.0,142.2,90.2,1,7,3,0,72,700000,900000,722500.0,1
79,0,2011,UNTITLED,133,1904,0,0,1950.0,48.9,61.6,1,4,3,1,67,1200000,1800000,840000.0,0
80,0,2011,ELEPHANT FORDING A RIVER,74,1909,0,8,1952.0,198.0,137.0,0,6,6,4,47,4000000,6000000,5682500.0,1
81,0,2011,ABSTRAKTES BILD,128,1932,1,8,1992.0,200.0,160.0,1,6,2,2,31,5500000,7500000,14082500.0,1
82,0,2011,1949-A-NO . 1,101,1904,0,8,1949.0,236.2,200.7,1,1,3,0,11,25000000,35000000,61682500.0,1
83,0,2011,CHATHAM X: BLACK RED,94,1923,1,8,1971.0,274.3,243.2,1,12,3,2,24,4000000,6000000,4282500.0,1
84,0,2011,RAPE OF ROMAN TORSOS,58,1960,0,7,1982.0,213.4,137.2,1,3,2,3,59,2000000,3000000,2098500.0,1
85,0,2011,DIAMOND DUST SHOES,93,1928,0,7,1980.0,228.6,177.8,0,2,4,1,53,1800000,2500000,2098500.0,1
86,0,2011,DOLLAR SIGN,93,1928,0,7,1982.0,25.1,20.3,1,1,4,0,1,250000,350000,698500.0,1
87,0,2011,DOLLAR SIGN,93,1928,0,7,1981.0,229.0,178.0,1,7,1,0,54,3500000,4500000,3610500.0,1
88,0,2011,UNTITLED,64,1936,1,8,1964.0,172.7,118.5,0,2,1,0,50,2000000,3000000,1400000.0,0
89,0,2011,FOREST,115,1908,0,8,1955.0,127.0,50.8,1,6,5,5,39,800000,1000000,560000.0,0
90,0,2011,UNTITLED,4,1941,0,7,1999.0,200.0,149.5,1,3,1,0,38,250000,350000,2154500.0,1
91,1,2012,UNTITLED MONOGOLD,20,1928,0,5,1959.0,40.4,28.6,1,4,1,1,13,700000,900000,1538500.0,1
92,1,2012,UNTITLED (GREY),36,1938,1,8,1986.0,127.0,91.4,1,2,1,0,39,3000000,4000000,2100000.0,0
93,1,2012,MAY DAY V,86,1955,1,4,2006.0,323.0,218.0,1,1,2,2,56,600000,800000,902500.0,1
94,1,2012,UNTITLED (W38),68,1955,1,6,1996.0,274.3,182.8,1,5,2,1,8,4000000,6000000,5122500.0,1
95,1,2012,UNTITLED (P70),68,1955,1,6,1988.0,243.8,182.9,1,3,2,0,15,600000,800000,2042500.0,1
96,1,2012,WOLKEN (CLOUDS),128,1932,1,8,1970.0,169.5,169.5,1,3,3,4,18,5000000,7000000,5682500.0,1
97,1,2012,PORTRAIT OF DAVID LAMELAS (OBELISK),4,1941,0,7,1971.0,130.0,150.0,1,3,3,4,17,1000000,1500000,1426500.0,1
98,1,2012,THE ROOM,121,1958,1,8,1969.0,177.0,126.0,1,3,3,1,54,800000,1200000,842500.0,1
99,1,2012,UNTITLED VI,86,1955,1,4,1997.0,186.5,238.5,0,1,2,5,7,1000000,1500000,1986500.0,1
100,1,2012,UNTITLED,36,1938,1,0,1966.0,50.8,60.3,1,3,1,0,38,400000,600000,506500.0,1
101,1,2012,JAN COWLES,93,1928,0,7,1971.0,81.3,71.1,0,2,3,2,48,1500000,2500000,842500.0,1
102,1,2012,UNTITLED (YELLOW BUTTERFLY III),13,1968,1,8,2008.0,184.2,138.4,1,2,1,0,34,1500000,2000000,2098500.0,1
103,1,2012,LE TEMPS DES LILAS,62,1925,0,8,1966.0,194.6,129.5,1,5,1,0,46,2000000,3000000,2994500.0,1
104,1,2012,SAILBOATS III,15,1923,0,8,1974.0,177.8,203.3,1,6,1,1,26,6000000,8000000,11842500.0,1
105,1,2012,SLEEPING GIRL,15,1923,0,8,1964.0,91.5,91.5,1,2,2,2,16,30000000,40000000,44882500.0,1
106,1,2012,UNTITLED,35,1972,1,4,2007.0,213.7,175.6,1,2,1,0,57,400000,600000,542500.0,1
107,1,2012,ABSTRAKTES BILD,128,1932,1,8,1992.0,200.0,160.0,1,2,1,1,10,8000000,10000000,16882500.0,1
108,1,2012,BRUTUS KILLED CAESAR,108,1931,1,4,1976.0,272.4,83.2,0,1,5,3,50,400000,600000,662500.0,1
109,1,2012,DOUBLE ELVIS [FERUS TYPE],93,1928,0,4,1963.0,207.6,121.9,0,8,2,7,27,30000000,50000000,37042500.0,1
110,1,2012,BEDROOM PAINTING #27,3,1931,0,8,1970.0,182.3,241.9,1,3,1,1,52,900000,1200000,1202500.0,1
111,1,2012,CAMPBELL'S SOUP,93,1928,0,7,1986.0,182.9,152.3,1,3,1,0,49,1000000,1500000,700000.0,0
112,1,2012,"FROM LINE, 790294",137,1936,1,2,1979.0,129.3,193.8,1,2,1,0,47,1500000,2000000,1426500.0,1
113,1,2012,UNTITLED #89,41,1954,1,4,1981.0,61.0,121.9,1,3,3,0,33,700000,900000,489999.99999999994,0
114,1,2012,MOUNTAIN STANDARD,136,1937,1,7,2000.0,163.0,183.0,1,1,3,0,55,1200000,1800000,840000.0,0
115,1,2012,UNTITLED (ROMA),45,1928,0,8,1961.0,50.2,60.4,1,4,1,0,2,2000000,3000000,3442500.0,1
116,1,2012,GRRR...,76,1961,1,7,2003.0,182.9,213.4,1,2,1,0,58,450000,650000,866500.0,1
117,1,2012,WOMAN ON A SIGN II,133,1904,0,8,1967.0,142.3,105.4,1,6,7,8,22,3000000,4000000,2882500.0,1
118,1,2012,UNTITLED #91,41,1954,1,4,1981.0,60.9,121.9,1,3,8,0,32,800000,1200000,842500.0,1
119,1,2012,UNTITLED,58,1960,0,7,1981.0,170.2,175.3,1,9,2,4,51,3000000,4000000,2100000.0,0
120,1,2012,TEN-FOOT FLOWERS,93,1928,0,7,1967.0,290.9,290.9,0,4,5,5,12,9000000,12000000,10722500.0,1
121,1,2012,UNTITLED (NEW YORK CITY),45,1928,0,8,1970.0,143.5,177.8,1,5,1,0,29,15000000,20000000,17442500.0,1
122,1,2012,BERKELEY #67,117,1922,0,8,1956.0,102.5,89.5,1,5,1,0,23,3500000,4500000,2450000.0,0
123,1,2012,DURATION,23,1930,1,7,1988.0,101.6,101.6,1,1,2,1,37,1000000,1500000,1650500.0,1
124,1,2012,KINDER FILMEN I,97,1948,1,7,2005.0,280.0,100.0,0,2,2,1,36,250000,350000,386500.0,1
125,1,2012,FLOWER BALL (KINDERGARTEN DAYS),69,1962,1,7,2002.0,100.0,100.0,1,2,1,0,31,500000,700000,662500.0,1
126,1,2012,KHORKOM,116,1904,0,8,1938.0,101.6,132.1,1,10,6,8,21,3000000,4000000,2770500.0,1
127,1,2012,BLACK LIKE ME #1,40,1960,1,8,1992.0,203.2,76.2,1,2,1,0,30,600000,800000,1314500.0,1
128,1,2012,UNTITLED,133,1904,0,8,1951.0,55.9,76.2,1,4,5,0,20,4000000,6000000,2800000.0,0
129,1,2012,PRIMO CALLE/ROCI VENEZUELA,87,1925,0,7,1985.0,206.1,539.8,0,4,2,0,53,2000000,3000000,1400000.0,0
130,1,2012,SOUTH,62,1925,0,8,1989.0,260.0,200.0,0,3,2,2,44,3500000,4500000,2450000.0,0
131,1,2012,AWAKENING,102,1965,1,2,2007.0,213.4,213.4,1,2,1,0,6,1000000,1500000,1650500.0,1
132,1,2012,CONCETTO SPAZIALE,26,1899,0,2,1962.0,81.0,60.0,1,7,1,4,40,1200000,1800000,3050500.0,1
133,1,2012,UNTITLED,22,1904,0,8,1974.0,230.8,106.4,0,4,1,0,24,5500000,7500000,3849999.9999999995,0
134,1,2012,RING,58,1960,0,7,1981.0,152.4,121.9,1,1,3,1,4,4000000,6000000,7642500.0,1
135,1,2012,ABSTRAKTES BILD,128,1932,1,8,1991.0,112.0,102.0,1,5,1,1,14,2800000,3500000,4954500.0,1
136,1,2012,STUDY FOR A PORTRAIT,74,1909,0,8,1978.0,35.5,30.5,1,5,1,1,42,4000000,6000000,4282500.0,1
137,1,2012,FIGURE WRITING REFLECTED IN MIRROR,74,1909,0,8,1976.0,198.0,147.0,1,2,6,9,19,30000000,40000000,44882500.0,1
138,0,2012,ANT SU 27,20,1928,0,2,1961.0,155.0,59.7,1,1,1,0,2,1000000,1500000,4338500.0,1
139,0,2012,SPLIT,128,1932,1,8,1989.0,112.0,102.0,1,2,2,1,34,3000000,4000000,4450500.0,1
140,0,2012,THE DREAM OF THE DOCTOR,37,1962,1,8,1997.0,198.1,154.9,1,5,4,1,47,3000000,5000000,2322500.0,1
141,0,2012,ENGADIN II,86,1955,1,4,2006.0,307.0,205.0,1,2,3,0,44,1000000,1500000,700000.0,0
142,0,2012,HAMMER AND SICKLE,93,1928,0,7,1977.0,183.0,218.5,1,5,2,1,35,3000000,4000000,3442500.0,1
143,0,2012,AEGEAN CRIME,104,1931,1,8,1987.0,198.1,404.5,0,3,4,1,71,350000,500000,386500.0,1
144,0,2012,ONION GUM,58,1960,0,7,1983.0,198.1,203.2,0,3,5,2,42,7000000,9000000,7362500.0,1
145,0,2012,UNTITLED,45,1928,0,8,1960.0,74.0,100.0,0,5,1,1,25,2000000,3000000,1400000.0,0
146,0,2012,OHNE TITEL (SILBERBILD),4,1941,0,2,1986.0,304.8,226.1,1,5,2,1,36,800000,1200000,4114500.0,1
147,0,2012,IMPATIENCE,116,1904,0,8,1945.0,62.2,77.5,1,9,7,7,12,6000000,8000000,6802500.0,1
148,0,2012,UNTITLED (DE KOONING),49,1949,1,7,2007.0,122.0,223.5,0,2,1,0,68,600000,800000,638500.0,1
149,0,2012,NIRVANA,42,1880,0,8,1963.0,192.4,121.9,1,1,3,1,9,5000000,7000000,4562500.0,1
150,0,2012,UNTITLED (POPE),74,1909,0,8,1954.0,152.0,94.0,0,1,6,1,26,18000000,25000000,29762500.0,1
151,0,2012,THE CASTLE OF TIN TIN,69,1962,1,7,1998.0,300.0,300.0,0,2,4,3,43,4000000,6000000,4226500.0,1
152,0,2012,SHENANDOAH,7,1910,0,8,1956.0,144.8,205.7,1,6,5,8,8,6500000,8500000,9322500.0,1
153,0,2012,LA PLAYA NUEVA,73,1954,1,8,2002.0,200.0,200.0,1,2,1,0,69,450000,650000,530500.0,1
154,0,2012,FLOWERS,93,1928,0,4,1964.0,61.0,61.0,1,3,1,0,30,1500000,2000000,2490500.0,1
155,0,2012,"UNTITLED (STUDY FOR UNTITLED, 1961)",7,1910,0,4,1961.0,27.3,35.5,1,1,3,1,16,80000,120000,230500.0,1
156,0,2012,1948-H,101,1904,0,8,1948.0,190.5,176.8,1,3,5,2,14,15000000,20000000,9882500.0,1
157,0,2012,UNTITLED,7,1910,0,4,1958.0,48.8,34.0,1,1,1,0,18,150000,250000,566500.0,1
158,0,2012,ABSTRACT PAINTING NO. 11,118,1913,0,8,1961.0,152.4,152.4,1,3,2,0,56,800000,1200000,560000.0,0
159,0,2012,SUICIDE,93,1928,0,4,1962.0,101.6,76.2,1,5,8,1,31,6000000,8000000,16322500.0,1
160,0,2012,MARTINSON COFFEE,93,1928,0,4,1962.0,70.0,53.3,0,1,1,0,38,3000000,4000000,2100000.0,0
161,0,2012,UNTITLED,62,1925,0,8,1959.0,199.4,200.7,0,2,1,0,11,6000000,8000000,6242500.0,1
162,0,2012,CHOCOLATE MERANGUE,19,1920,1,8,1961.0,45.7,61.0,1,2,2,0,39,1000000,1500000,3498500.0,1
163,0,2012,I. G.,128,1932,1,8,1993.0,72.0,102.0,1,5,6,7,28,3000000,4000000,3442500.0,1
164,0,2012,BREAD WITH EGG,129,1955,1,8,1997.0,325.1,274.3,1,2,4,3,48,3500000,4500000,2450000.0,0
165,0,2012,RUSTING RED CAR IN KUAU,58,1960,0,8,1984.0,182.8,243.8,1,3,2,3,67,2000000,3000000,2098500.0,1
166,0,2012,THE KISS (BELA LUGOSI),93,1928,0,4,1963.0,75.6,101.3,1,3,6,1,32,4500000,6500000,9266500.0,1
167,0,2012,SHIP TALK,136,1937,1,7,1988.0,142.2,340.4,1,9,4,3,49,1000000,1500000,700000.0,0
168,0,2012,NO. 1 (ROYAL RED AND BLUE),99,1903,0,8,1954.0,288.9,171.5,1,6,5,5,19,35000000,50000000,75122500.0,1
169,0,2012,SANCTIMONY,102,1965,1,2,2007.0,213.4,213.4,1,2,1,0,64,1200000,1800000,1314500.0,1
170,0,2012,L'HOMME AUX COCARDES,100,1901,0,8,1952.0,130.0,97.0,1,5,2,1,52,1500000,2000000,1370500.0,1
171,0,2012,ELEGY TO THE SPANISH REPUBLIC #122,57,1915,0,8,1972.0,141.6,193.0,1,3,1,0,24,2800000,3500000,3666500.0,1
172,0,2012,ABSTRACTION,133,1904,0,8,1949.0,61.9,82.6,1,5,1,0,13,15000000,20000000,19682500.0,1
173,0,2012,I.G.,128,1932,1,8,1993.0,72.0,82.0,1,5,6,7,29,3000000,4000000,3442500.0,1
174,0,2012,JOHN LURIE,58,1960,0,8,1982.0,108.5,76.5,1,5,1,0,41,1000000,1500000,1022500.0,1
175,0,2012,THE HOUSE,49,1949,1,7,2007.0,197.8,205.7,1,2,1,0,66,600000,800000,420000.0,0
176,0,2012,CAGNEY,93,1928,0,4,1962.0,76.2,101.6,1,3,6,1,33,4500000,6500000,6578500.0,1
177,0,2012,SMALL YELLOW SQUARE,7,1910,0,4,1950.0,35.0,42.5,0,1,3,1,17,200000,300000,506500.0,1
178,0,2012,"TOWARDS AN INTERNATIONAL SOCIALISM (AFTER ""ICEBERGS IN SPACE"" 1989 BY CHRIS FOSS)",98,1966,1,8,1996.0,221.0,327.5,1,2,3,0,45,3500000,4500000,4002500.0,1
179,0,2012,UNTITLED,36,1938,1,8,1970.0,102.2,64.2,1,1,1,0,59,600000,800000,420000.0,0
180,0,2012,UNTITLED,45,1928,0,0,1972.0,69.2,99.0,1,3,1,0,5,350000,550000,422500.0,1
181,0,2012,STUDY FOR HEAD OF ISABEL RAWSTHORNE,74,1909,0,8,1967.0,35.5,30.5,0,5,1,1,27,9000000,12000000,9322500.0,1
182,0,2012,UNTITLED,35,1972,1,4,2007.0,214.0,175.3,1,3,1,0,65,500000,700000,782500.0,1
183,0,2012,CRIMES OF PASSION I,45,1928,0,8,1960.0,190.5,200.0,0,6,2,3,23,4000000,6000000,5794500.0,1
184,0,2012,UNTITLED,62,1925,0,8,1961.0,300.0,200.0,1,3,1,0,21,4500000,6000000,5122500.0,1
185,0,2012,"NUMBER 4, 1951",111,1912,0,8,1951.0,76.5,63.5,1,12,3,2,10,25000000,35000000,40402500.0,1
186,0,2012,TRANSFIGURATION,96,1903,0,8,1958.0,228.6,152.4,1,6,6,3,7,3000000,5000000,4450500.0,1
187,0,2012,"CONCETTO SPAZIALE, ATTESE",26,1899,0,8,1965.0,81.0,100.0,1,2,3,0,54,1600000,2000000,3666500.0,1
188,1,2013,HEAD,68,1955,1,6,1992.0,132.1,91.4,1,2,1,0,8,2000000,3000000,2045000.0,1
189,1,2013,COUNTY CLARE,62,1925,0,8,1960.0,167.6,289.6,1,5,3,1,43,4500000,6000000,4981000.0,1
190,1,2013,MOUTH #3,3,1931,0,8,1966.0,139.7,175.3,1,5,1,0,29,1200000,1800000,1085000.0,1
191,1,2013,POTABLE WATER,76,1961,1,7,2005.0,330.2,497.8,0,2,1,0,63,600000,800000,701000.0,1
192,1,2013,SELF-PORTRAIT (CAMOUFLAGE),93,1928,0,7,1986.0,203.2,203.2,0,5,4,1,34,7000000,9000000,6997000.0,1
193,1,2013,MERRY WIDOW,105,1969,1,8,1998.0,193.0,248.9,1,4,1,0,62,700000,1000000,965000.0,1
194,1,2013,CHAMPS,62,1925,0,8,1990.0,240.0,200.0,1,4,1,0,26,1800000,2500000,2165000.0,1
195,1,2013,UNTITLED,24,1930,1,8,2012.0,91.4,68.6,1,1,1,0,48,1500000,2000000,2853000.0,1
196,1,2013,PURPLE AND YELLOW ABSTRACTION,85,1957,1,7,12.3,147.3,167.6,1,1,1,0,5,300000,400000,1055000.0,1
197,1,2013,LOESUNGEN I - IV [SOLUTIONS I - IV],4,1941,0,2,1969.0,150.0,125.0,0,5,5,0,40,3000000,4000000,3525000.0,1
198,1,2013,STRANGER #64,40,1960,1,8,2012.0,243.8,182.9,1,1,1,0,4,350000,450000,1265000.0,1
199,1,2013,UNTITLED (P2),68,1955,1,6,1986.0,182.9,121.9,1,7,1,0,53,800000,1200000,1145000.0,1
200,1,2013,LYDIAN,37,1962,1,8,2013.0,71.1,50.8,0,1,1,0,3,500000,700000,2965000.0,1
201,1,2013,"DOMPLATZ, MAILAND [CATHEDRAL SQUARE, MILAN]",128,1932,1,8,1968.0,275.0,290.0,0,4,2,9,20,30000000,40000000,37125000.0,1
202,1,2013,GREEN PANEL (GROUND ZERO),94,1923,1,6,2011.0,56.5,125.8,0,1,1,0,59,400000,600000,749000.0,1
203,1,2013,CIRROCUMULUS,42,1880,0,8,1961.0,102.7,140.3,1,1,3,1,46,800000,1200000,560000.0,0
204,1,2013,THE BLUE UNCONSCIOUS,111,1912,0,8,1946.0,213.4,142.1,1,6,7,8,27,20000000,30000000,20885000.0,1
205,1,2013,CAGNEY,93,1928,0,4,1962.0,76.1,101.3,1,2,5,2,35,5500000,7500000,4925000.0,1
206,1,2013,PINK SMASH,96,1903,0,8,1959.0,274.3,228.6,0,6,5,11,44,3000000,4000000,3301000.0,1
207,1,2013,BLACK ESCALADE,78,1979,1,4,2005.0,179.0,179.0,0,3,1,0,2,350000,450000,665000.0,1
208,1,2013,INSULATED STAPLE,15,1923,0,5,1964.0,71.1,50.8,1,4,1,0,32,2000000,3000000,1400000.0,0
209,1,2013,UNTITLED,45,1928,0,8,1971.0,69.9,99.7,1,2,1,0,1,500000,700000,1385000.0,1
210,1,2013,PH - 21,101,1904,0,8,1962.0,195.6,174.7,1,2,1,0,25,16000000,20000000,20885000.0,1
211,1,2013,PEINTURE DE FEU SANS TITRE (F 5),20,1928,0,5,1961.0,99.0,132.0,0,3,2,1,14,2000000,3000000,2405000.0,1
212,1,2013,UNTITLED,99,1903,0,8,1969.0,123.2,102.9,0,5,4,1,22,6000000,8000000,4200000.0,0
213,1,2013,OCEAN PARK NO. 46,117,1922,0,8,1971.0,205.7,205.7,1,5,3,2,16,6000000,8000000,11085000.0,1
214,1,2013,AIRBORN,127,1912,0,2,1959.0,235.0,235.0,0,5,1,1,45,800000,1200000,1685000.0,1
215,1,2013,BALTIMORE ORIOLE SECURING FRESHWATER FISH,136,1937,1,8,1965.0,149.8,139.7,1,4,5,5,31,3000000,5000000,4757000.0,1
216,1,2013,53RD & 3RD,30,1979,1,2,2008.0,152.4,240.0,0,2,1,0,6,600000,800000,1085000.0,1
217,1,2013,LAZY AND STUPID (S72),68,1955,1,6,1992.0,50.8,35.6,1,3,1,0,51,800000,1200000,1025000.0,1
218,1,2013,UNTITLED (BOLSENA),45,1928,0,8,1969.0,200.0,240.0,1,1,2,1,13,10000000,15000000,15397000.0,1
219,1,2013,CESENA 47 - A.C. FORNITURE SUD 12,135,1960,1,6,1991.0,120.0,180.0,1,1,3,4,64,300000,400000,210000.0,0
220,1,2013,UNTITLED (YELLOW BUTTERFLY II 782),13,1968,1,8,2008.0,121.9,96.5,1,2,1,0,7,800000,1200000,2105000.0,1
221,1,2013,UNTITLED (COWBOY),49,1949,1,1,2001.0,151.0,210.0,1,2,1,0,57,800000,1200000,1025000.0,1
222,1,2013,STUDY FOR PORTRAIT OF P.L.,74,1909,0,8,1962.0,198.0,144.8,0,6,5,8,23,30000000,40000000,21000000.0,0
223,1,2013,MASKING DRAWING 2 (YELLOW AND PURPLE),36,1938,1,4,1984.0,36.5,69.5,1,2,1,0,56,250000,350000,245000.0,1
224,1,2013,ABSTRAKTES BILD,128,1932,1,8,1988.0,72.4,62.3,1,1,6,2,19,1500000,2000000,3413000.0,1
225,1,2013,UNTITLED (WITH DE KOONING),49,1949,1,7,2006.0,165.1,203.2,1,2,1,0,58,350000,500000,545000.0,1
226,1,2013,ONEMENT VI,55,1905,0,8,1953.0,259.1,304.8,1,5,6,7,17,30000000,40000000,43845000.0,1
227,1,2013,UNTITLED #0,113,1912,0,7,1975.0,182.9,182.9,1,5,5,0,18,1500000,2000000,2285000.0,1
228,1,2013,UNTITLED (JULIUS CAESAR ON GOLD),58,1960,0,7,1981.0,127.0,127.0,1,3,2,2,33,7000000,9000000,6885000.0,1
229,1,2013,UNTITLED (P16),68,1955,1,6,1987.0,182.9,121.9,1,8,1,1,52,1000000,1500000,1325000.0,1
230,1,2013,UNTITLED,52,1898,0,8,1954.0,81.3,64.8,1,3,2,0,60,400000,600000,749000.0,1
231,1,2013,CONVENTION,23,1930,1,8,2002.0,182.9,182.9,1,1,2,3,11,3500000,4500000,6885000.0,1
232,0,2013,THE STATUE OF LIBERTY,93,1928,0,7,1986.0,182.9,182.9,1,4,1,0,36,2000000,3000000,3189000.0,1
233,0,2013,FLOWERS (FIVE FOOT FLOWERS),93,1928,0,7,1964.0,152.4,152.4,1,4,3,0,21,10000000,15000000,11365000.0,1
234,0,2013,BLUE RIDGE MOUNTAINS TRANSFIXED BY A ROMAN PIAZZA,45,1928,0,8,1962.0,148.6,180.3,0,5,2,0,56,2500000,3500000,1750000.0,0
235,0,2013,UNTITLED,77,1956,1,8,2010.0,332.7,259.1,1,2,1,0,19,3000000,5000000,2517000.0,1
236,0,2013,IDILLI,45,1928,0,8,1976.0,155.5,137.5,1,3,4,2,32,1500000,2000000,2517000.0,1
237,0,2013,HOLY SHIT,30,1979,1,8,2006.0,121.9,91.4,1,2,1,0,1,250000,350000,341000.0,1
238,0,2013,UNTITLED (YELLOW TAR AND FEATHERS),58,1960,0,7,1982.0,245.1,229.2,0,2,3,3,10,15000000,20000000,25925000.0,1
239,0,2013,CAGE,87,1925,0,9,1958.0,48.3,60.7,0,9,3,1,35,800000,1200000,1205000.0,1
240,0,2013,UNTITLED,110,1943,1,3,2009.0,281.3,205.7,0,2,1,0,9,1200000,1800000,1925000.0,1
241,0,2013,BASIS,23,1930,1,8,1998.0,81.3,81.3,1,3,2,0,15,1500000,2000000,2285000.0,1
242,0,2013,"A CORNER PIECE: AUG. 1, 2005. AUG. 2, 2005. AUG. 3, 2005. SEPT. 1, 2005. SEPT. 2, 2005. SEPT. 3, 2005",71,1933,1,2,2005.0,20.3,26.7,0,4,2,0,39,1500000,2000000,2285000.0,1
243,0,2013,THE BEACH,113,1912,0,8,1964.0,190.5,190.5,1,2,4,2,17,2500000,3500000,6549000.0,1
244,0,2013,ON THE CORNER,68,1955,1,2,1999.0,274.3,182.8,1,3,2,0,11,2000000,3000000,2741000.0,1
245,0,2013,UNTITLED #5,113,1912,0,7,1992.0,182.9,182.9,1,4,2,0,58,1500000,2000000,1565000.0,1
246,0,2013,MITHRA,76,1961,1,3,2008.0,182.9,214.0,1,4,1,0,4,600000,800000,2629000.0,1
247,0,2013,LIGHT ON GREEN SEA,54,1913,0,8,1977.0,172.7,307.3,1,2,1,0,45,4000000,6000000,2800000.0,0
248,0,2013,WOMAN,22,1904,0,8,1972.0,100.3,91.4,1,3,1,5,46,3000000,4000000,2100000.0,0
249,0,2013,UNTITLED,77,1956,1,8,2012.0,210.8,170.2,1,2,2,0,3,500000,700000,1325000.0,1
250,0,2013,VENUS,45,1928,0,9,1962.0,70.0,50.0,0,3,2,0,57,350000,450000,317000.0,1
251,0,2013,MECCA,58,1960,0,7,1982.0,177.8,172.4,1,2,1,3,54,4000000,6000000,4477000.0,1
252,0,2013,UNTITLED,45,1928,0,8,1976.0,152.0,133.0,1,3,2,1,18,650000,850000,629000.0,1
253,0,2013,ONE YEAR NO HALLOWEEN,68,1955,1,4,2004.0,294.6,198.1,1,4,1,1,61,1500000,2500000,2105000.0,1
254,0,2013,BLUE SKULL PAINTING,69,1962,1,7,2012.0,199.5,153.0,1,2,1,0,40,900000,1200000,1565000.0,1
255,0,2013,UNTITLED V,22,1904,0,8,1975.0,177.8,203.2,1,3,6,0,30,25000000,35000000,24805000.0,1
256,0,2013,GENESIS - THE BREAK,55,1905,0,8,1946.0,61.0,68.9,1,8,6,7,29,3500000,4500000,3637000.0,1
257,0,2013,CAMOUFLAGE,93,1928,0,7,1986.0,203.2,1016.0,0,2,1,1,55,2500000,3500000,2797000.0,1
258,0,2013,5 DEATHS ON TURQUOISE,93,1928,0,7,1963.0,76.2,76.2,0,2,6,3,34,7000000,10000000,7333000.0,1
259,0,2013,STRETCHER FRAME WITH VERTICAL BARS,15,1923,0,8,1968.0,91.4,172.7,1,10,2,1,37,4000000,6000000,4309000.0,1
260,0,2013,A.B. COURBET,128,1932,1,8,1986.0,300.0,250.0,1,6,3,5,22,15000000,20000000,26485000.0,1
261,0,2013,SEGUSO,45,1928,0,9,1976.0,103.5,133.4,1,5,2,0,23,600000,800000,1061000.0,1
262,0,2013,LIZ #1 (EARLY COLORED LIZ),93,1928,0,7,1963.0,101.6,101.6,1,4,7,5,26,20000000,30000000,20325000.0,1
263,0,2013,THE ATTENDED,36,1938,1,8,1996.0,208.3,144.8,1,2,5,7,12,7000000,10000000,10917000.0,1
264,0,2013,ATLANTIC SIDE,62,1925,0,8,1960.0,221.6,213.9,1,6,4,2,24,5000000,7000000,6885000.0,1
265,0,2013,POEMS TO THE SEA,45,1928,0,8,1959.0,32.0,31.0,0,6,5,8,20,6000000,8000000,21669000.0,1
266,0,2013,BY TWOS,55,1905,0,8,1949.0,168.3,40.6,1,4,8,6,28,18000000,25000000,20605000.0,1
267,0,2013,PUZZLED PORTRAIT,15,1923,0,8,1978.0,182.9,152.4,1,3,1,0,27,8000000,12000000,5600000.0,0
268,0,2013,UNTITLED,7,1910,0,8,1957.0,182.9,144.8,1,4,2,0,48,2500000,3500000,2965000.0,1
269,0,2013,NO ROOM AT THE END,62,1925,0,8,1977.0,280.0,180.0,0,10,4,0,43,2000000,3000000,2517000.0,1
270,0,2013,UNTITLED,45,1928,0,0,1963.0,50.0,70.0,1,4,1,0,53,300000,400000,281000.0,1
271,0,2013,CONCETTO SPAZIALE,26,1899,0,8,1955.0,100.0,50.0,0,3,2,4,49,1200000,1800000,2285000.0,1
272,0,2013,ABSTRAKTES BILD,128,1932,1,8,1988.0,112.0,102.0,1,1,4,1,41,2000000,3000000,2741000.0,1
273,0,2013,UNTITLED,82,1953,0,7,1981.0,200.0,300.0,0,3,5,4,8,6000000,8000000,6437000.0,1
274,0,2013,HOOVERVILLE,5,2001,1,7,2012.0,238.8,304.8,1,1,1,0,2,200000,300000,425000.0,1
275,1,2014,MILLIONAIRE NURSE,49,1949,1,7,2002.0,147.3,91.4,1,8,1,0,32,3000000,4000000,3301000.0,1
276,1,2014,PARIS GREEN I,36,1938,1,8,1973.0,91.4,73.0,1,3,1,0,80,600000,800000,665000.0,1
277,1,2014,UNTITLED,4,1941,0,3,1983.0,224.8,313.7,1,2,1,0,59,2500000,3500000,4197000.0,1
278,1,2014,BLACK AND WHITE PAINTING,111,1912,0,8,1952.0,147.3,45.7,0,2,2,2,45,8000000,12000000,8565000.0,1
279,1,2014,SELF-DESCRIBED TWICE (COBALT BLUE),114,1945,1,5,1966.0,30.2,246.9,0,2,1,0,9,150000,200000,197000.0,1
280,1,2014,BLAU,128,1932,1,8,1988.0,300.0,300.0,1,5,6,1,40,25000000,35000000,28725000.0,1
281,1,2014,UNTITLED,82,1953,0,7,1981.0,300.0,200.0,0,3,5,2,8,3000000,4000000,5541000.0,1
282,1,2014,LATE SEPTEMBER,54,1913,0,8,1961.0,172.7,167.6,1,4,1,0,77,4500000,6500000,4533000.0,1
283,1,2014,COMMISSIONED PAINTING:  A PAINTING BY EDGAR TRANSUE,108,1931,1,7,1969.0,150.5,114.3,0,2,5,3,10,2000000,3000000,2517000.0,1
284,1,2014,"ABSTRACT PAINTING, 1950",118,1913,0,8,1950.0,152.4,97.8,1,7,6,1,78,1000000,1500000,1445000.0,1
285,1,2014,UNTITLED (RED ORANGE BROWN BLACK BUTTERFLY 560),13,1968,1,0,2005.0,149.8,121.9,0,2,1,1,67,800000,1200000,1325000.0,1
286,1,2014,UNTITLED,120,1952,1,5,1985.0,200.0,320.0,0,2,1,0,4,1500000,2000000,4981000.0,1
287,1,2014,UNTITLED,45,1928,0,8,1971.0,70.0,88.0,0,3,1,0,28,2000000,3000000,3077000.0,1
288,1,2014,UNTITLED,133,1904,0,8,1975.0,175.2,200.6,0,5,1,0,27,18000000,25000000,12600000.0,0
289,1,2014,AFRODIZZIA,11,1968,1,7,1996.0,243.8,182.8,1,4,3,5,18,2000000,3000000,1565000.0,1
290,1,2014,UNTITLED,99,1903,0,8,1950.0,83.8,76.2,0,10,1,0,29,8000000,12000000,12205000.0,1
291,1,2014,UNTITLED #93,41,1954,1,4,1981.0,61.7,123.3,1,6,5,7,12,2000000,3000000,3861000.0,1
292,1,2014,PRINTEMPS HIVERNAL,84,1920,0,8,1986.0,195.0,130.0,1,1,1,0,55,4000000,6000000,4421000.0,1
293,1,2014,NO. 10,99,1903,0,8,1948.0,137.2,69.8,0,4,1,1,79,1500000,2000000,1050000.0,0
294,1,2014,FLOWERS HAVE BLOOMED,69,1962,1,7,1999.0,244.0,183.0,1,3,1,0,61,2000000,3000000,1400000.0,0
295,1,2014,LA MARSEILLAISE (ANT 138),20,1928,0,2,1960.0,63.5,51.5,1,3,5,1,26,6000000,8000000,4200000.0,0
296,1,2014,DRIVING ME CRAZY,49,1949,1,7,1988.0,142.2,121.9,1,3,1,0,7,1500000,2000000,2629000.0,1
297,1,2014,LANDSCAPE WITH RED SKY,15,1923,0,8,1985.0,274.3,195.5,1,4,1,0,52,4500000,6500000,6549000.0,1
298,1,2014,UNTITLED,58,1960,0,7,1982.0,153.7,153.7,0,1,1,0,50,3000000,4000000,4197000.0,1
299,1,2014,12 MONA LISAS (REVERSAL SERIES),93,1928,0,7,1980.0,203.2,203.2,1,8,6,0,31,10000000,15000000,11365000.0,1
300,1,2014,NO TITLE (MIMICKED IN ITS...),17,1957,1,7,2001.0,240.0,181.6,0,2,1,0,1,500000,700000,1325000.0,1
301,1,2014,UNTITLED,83,1958,0,7,1985.0,294.6,361.9,1,5,3,1,68,1500000,2000000,3749000.0,1
302,1,2014,CHERCHEZ L'AIGUILLE,62,1925,0,8,1958.0,195.5,175.5,1,5,1,0,48,6000000,8000000,4200000.0,0
303,1,2014,INTERSECTION,7,1910,0,8,1955.0,76.2,96.5,0,5,1,0,49,3000000,4000000,2100000.0,0
304,1,2014,AH...YOUTH,126,1954,0,1,1990.0,61.6,345.4,0,4,6,5,13,700000,900000,1925000.0,1
305,1,2014,UNTITLED (COWBOY),49,1949,1,4,2000.0,121.9,195.0,1,2,2,2,3,1000000,1500000,3077000.0,1
306,1,2014,MONTAUK III,133,1904,0,8,1969.0,184.2,179.2,1,5,7,2,46,10000000,15000000,10245000.0,1
307,1,2014,UNTITLED,45,1928,0,8,1959.0,95.9,138.4,1,10,2,2,36,3500000,4500000,4365000.0,1
308,1,2014,UNTITLED XIII,133,1904,0,8,1983.0,177.8,203.2,1,5,2,3,53,4000000,6000000,4533000.0,1
309,1,2014,UNTITLED,131,1923,0,7,1979.0,305.4,243.8,0,2,1,1,56,800000,1200000,560000.0,0
310,1,2014,ABSTRAKTES BILD,128,1932,1,8,1986.0,100.0,110.0,1,4,2,2,76,1500000,2000000,2517000.0,1
311,1,2014,LADIES AND GENTLEMEN,93,1928,0,7,1976.0,127.0,101.5,1,4,1,0,73,1000000,1500000,1685000.0,1
312,1,2014,TWO GUYS AND A GIRL,134,1989,1,7,2012.0,274.3,213.3,1,2,1,0,15,150000,200000,233000.0,1
313,1,2014,UNTITLED,45,1928,0,7,2006.0,214.9,166.7,0,2,1,0,41,9000000,12000000,10245000.0,1
314,1,2014,ALAMEDA STREET,29,1939,1,8,1982.0,278.0,200.0,0,5,3,1,58,400000,600000,701000.0,1
315,1,2014,OCEAN PARK #20,117,1922,0,8,1969.0,236.2,203.2,1,5,6,2,39,9000000,12000000,10245000.0,1
316,1,2014,UNTITLED,45,1928,0,7,2003.0,100.0,60.0,0,2,1,0,54,600000,800000,965000.0,1
317,1,2014,PORTRAIT OF JEAN-MICHEL AS DAVID,93,1928,0,7,1984.0,228.6,176.5,1,2,1,0,70,2500000,3500000,3189000.0,1
318,1,2014,SELF-PORTRAIT,93,1928,0,7,1966.0,55.9,55.9,1,4,1,0,21,4000000,6000000,4645000.0,1
319,1,2014,UNTITLED,77,1956,1,8,2004.0,238.7,193.7,1,3,2,0,65,1000000,1500000,1445000.0,1
320,1,2014,UNTITLED,35,1972,1,4,2006.0,228.6,134.6,0,2,1,2,64,3500000,4500000,5989000.0,1
321,1,2014,BIG ELECTRIC CHAIR,93,1928,0,7,1967.0,137.2,187.9,0,5,1,1,44,18000000,25000000,20437000.0,1
322,1,2014,SHE GETS ANGRY AT HIM,136,1937,1,5,1974.0,91.4,101.6,0,10,3,1,6,600000,800000,2105000.0,1
323,1,2014,SIX SELF PORTRAITS,93,1928,0,7,1986.0,56.0,56.0,0,2,3,0,23,25000000,35000000,30125000.0,1
324,1,2014,"ALTERNATE DIAGONALS OF MARCH 2, 1964 (TO DON JUDD)",60,1933,0,5,1964.0,227.0,227.0,0,6,6,4,11,1500000,2000000,3077000.0,1
325,1,2014,THE PERIOD,40,1960,1,5,2005.0,20.0,154.0,0,2,1,0,2,300000,400000,629000.0,1
326,1,2014,"UNTITLED (SEPTEMBER 14, 1986)",83,1958,0,7,1986.0,241.3,487.7,1,3,6,2,19,2000000,3000000,4869000.0,1
327,1,2014,MISS FENWICK,37,1962,1,8,1996.0,112.0,81.3,1,2,2,2,33,4000000,6000000,4645000.0,1
328,1,2014,UNTITLED (CHECK PAINTING) #13,49,1949,1,7,2004.0,274.3,396.2,0,2,1,1,69,1000000,2000000,1385000.0,1
329,1,2014,UNTITLED (DANCING DOGS),83,1958,0,7,1981.0,274.3,486.4,1,3,4,0,22,3000000,4000000,4589000.0,1
330,1,2014,UNTITLED,99,1903,0,8,1969.0,132.0,102.1,0,6,1,0,24,6000000,8000000,4200000.0,0
331,1,2014,NO. E,53,1929,1,8,1959.0,72.0,90.0,1,1,1,0,81,800000,1200000,3189000.0,1
332,1,2014,BE BEAUTIFUL,8,1933,1,8,1964.0,137.1,213.9,1,5,7,6,51,3000000,4000000,3301000.0,1
333,0,2014,CONJUNTIS VIRIBUS (WITH UNITED POWER),42,1880,0,8,1963.0,182.9,152.4,1,11,5,6,63,2000000,3000000,1400000.0,0
334,0,2014,UNTITLED #88,41,1954,1,4,1981.0,61.0,122.0,1,5,5,6,50,800000,1200000,1145000.0,1
335,0,2014,LÉGION ÉTRANGÈRE,100,1901,0,2,1971.0,217.2,436.9,0,4,4,1,34,3000000,4000000,4309000.0,1
336,0,2014,FILZSCHLEIFE,4,1941,0,8,1986.0,199.4,189.2,0,2,1,0,74,2500000,3500000,2285000.0,1
337,0,2014,UNTITLED,58,1960,0,7,1983.0,76.2,56.5,1,4,1,0,45,3000000,4000000,3917000.0,1
338,0,2014,"FROM LINE, NO. 760219",137,1936,1,2,1976.0,161.9,130.2,1,2,1,0,61,800000,1200000,2165000.0,1
339,0,2014,ROUND TRIP I,87,1925,0,4,1963.0,74.9,101.6,1,4,4,0,39,2500000,3500000,2517000.0,1
340,0,2014,FLAG,24,1930,1,2,1983.0,29.5,44.4,1,1,7,0,9,15000000,20000000,36005000.0,1
341,0,2014,ABSTRAKTES BILD,128,1932,1,8,1991.0,200.0,200.0,1,2,3,3,8,15000000,20000000,21445000.0,1
342,0,2014,GATE,23,1930,1,8,1995.0,106.7,106.7,1,1,7,0,53,6000000,8000000,6213000.0,1
343,0,2014,UNTITLED (TO MR. AND MRS. GIUSEPPE AGRATI),60,1933,0,4,1964.0,243.8,25.4,0,5,2,3,40,800000,1200000,845000.0,1
344,0,2014,LANDSCAPE,122,1949,1,8,1994.0,182.2,367.0,1,2,2,2,55,3000000,4000000,3749000.0,1
345,0,2014,BANTAM,87,1925,0,4,1955.0,29.2,36.8,1,5,1,2,59,3000000,4000000,4477000.0,1
346,0,2014,UNTITLED,68,1955,1,6,1996.0,228.6,152.4,1,4,2,0,54,3750000,4500000,4085000.0,1
347,0,2014,JUDY GARLAND (MULTICOLOR),93,1928,0,7,1978.0,101.6,101.6,0,1,1,0,70,1000000,1500000,1205000.0,1
348,0,2014,UNTITLED (GREY WHITE AND YELLOW LINED OVER BLUE GREEN FACE 809),13,1968,1,8,2009.0,256.5,182.9,1,2,2,0,2,4000000,6000000,4645000.0,1
349,0,2014,PATH THROUGH THE FOREST,15,1923,0,2,1984.0,101.6,127.0,1,7,2,0,76,2000000,3000000,3077000.0,1
350,0,2014,BLACK PANEL I,94,1923,1,8,1985.0,213.4,241.3,1,3,2,0,30,2000000,3000000,3693000.0,1
351,0,2014,PRIMAL SWISH,129,1955,1,8,2008.0,274.3,213.4,0,2,2,0,65,1500000,2000000,2105000.0,1
352,0,2014,PERSONNAGE,52,1898,0,8,1946.0,121.9,114.3,1,3,4,0,67,800000,1200000,1865000.0,1
353,0,2014,PEINTURE 3 MARS 1970,48,1919,1,8,1970.0,202.0,159.0,1,5,1,1,15,500000,700000,653000.0,1
354,0,2014,CREMASTER SUITE,79,1967,1,4,1994.0,112.0,86.0,1,2,1,0,49,250000,350000,377000.0,1
355,0,2014,COMPOSITION,131,1923,0,8,1957.0,130.8,64.3,0,5,2,3,62,2000000,3000000,1400000.0,0
356,0,2014,SELF-PORTRAIT,93,1928,0,7,1966.0,55.8,55.8,1,6,1,0,7,3000000,4000000,3245000.0,1
357,0,2014,CITÉ FANTOCHE,100,1901,0,8,1963.0,164.5,219.4,1,7,4,5,21,4000000,6000000,7445000.0,1
358,0,2014,ANOTHER OPINION,49,1949,1,7,1989.0,190.5,147.3,1,3,4,0,43,5000000,7000000,4645000.0,1
359,0,2014,"NOV. 30, 1985",71,1933,0,2,1985.0,46.0,61.0,0,6,1,0,32,700000,900000,1445000.0,1
360,0,2014,SÃO SCHLUMBERGER,93,1928,0,7,1974.0,102.2,102.2,0,2,2,3,25,2000000,3000000,1400000.0,0
361,0,2014,JACKIE,93,1928,0,7,1964.0,50.8,40.6,1,2,1,0,44,1500000,2000000,1685000.0,1
362,0,2014,UNTITLED (TO FRANK STELLA),60,1933,0,4,1966.0,61.0,183.0,0,6,3,5,24,300000,400000,210000.0,0
363,0,2014,UNTITLED (MONUMENT FOR V. TATLIN),60,1933,0,5,1967.0,243.8,50.8,0,3,6,6,71,600000,800000,545000.0,1
364,0,2014,FIGURE 6,24,1930,1,2,1964.0,24.8,19.0,1,4,1,0,57,2000000,3000000,2405000.0,1
365,0,2014,LAMBDA II,127,1912,0,2,1960.0,261.0,360.7,1,3,5,3,16,1000000,1500000,1325000.0,1
366,0,2014,LAST YEAR HALLOWEEN FELL ON A WEEKEND,68,1955,1,4,2004.0,264.2,198.1,1,5,5,0,3,6500000,7500000,8005000.0,1
367,0,2014,UNTITLED II,133,1904,0,8,1986.0,223.5,195.6,1,6,2,6,12,6000000,8000000,6661000.0,1
368,0,2014,UNTITLED,35,1972,1,4,2010.0,213.4,175.3,0,2,1,0,72,4000000,6000000,4085000.0,1
369,0,2014,CHAIRMAN MAO WITH US,132,1964,1,8,2005.0,145.4,219.7,1,3,3,0,77,1500000,2000000,1685000.0,1
370,0,2014,BRIGITTE BARDOT,93,1928,0,7,1974.0,120.6,120.0,1,2,5,2,41,10000000,15000000,11645000.0,1
371,0,2014,UNTITLED,83,1958,0,7,1988.0,274.3,362.6,1,2,1,0,68,2500000,3500000,3077000.0,1
372,0,2014,WARM BROAD GLOW,40,1960,1,5,2005.0,99.0,487.7,0,2,2,1,48,400000,600000,935000.0,1
373,0,2014,PORTRAIT OF JOHANN WOLFGANG GOETHE,93,1928,0,7,1981.0,200.0,210.0,1,5,4,1,75,3000000,4000000,2100000.0,0
374,0,2014,HIGHWAY TEMPLE,8,1933,1,8,1979.0,91.4,213.4,1,9,2,1,64,600000,800000,605000.0,1
375,0,2014,UNTITLED (I WAS SOMEBODY),40,1960,1,8,1990.0,203.2,76.2,1,2,2,0,1,1000000,1500000,3973000.0,1
376,0,2014,LITTLE ELECTRIC CHAIR,93,1928,0,4,1965.0,55.9,71.1,1,5,2,3,37,7500000,9500000,5250000.0,0
377,0,2014,TRANSPARENT #8,4,1941,0,5,1988.0,214.0,114.9,1,2,1,0,78,600000,800000,509000.0,1
378,0,2014,UNTITLED,58,1960,0,7,1987.0,187.9,238.7,1,1,8,7,66,6000000,8000000,5765000.0,1
379,0,2014,UNTITLED FILM STILL #48,41,1954,1,4,1979.0,40.6,50.8,1,4,6,7,5,1500000,2000000,2225000.0,1
380,0,2014,SELF-PORTRAIT (FRIGHT WIG),93,1928,0,7,1986.0,102.0,102.0,1,6,8,0,31,12000000,18000000,11365000.0,1
381,0,2014,UNTITLED,99,1903,0,7,1969.0,193.0,122.0,0,9,3,1,36,3000000,4000000,3525000.0,1
382,0,2014,DEEP BLUE AND BLACK,131,1923,0,8,1955.0,195.6,130.8,1,4,6,6,29,3500000,5000000,2450000.0,0
383,0,2014,UNTITLED,23,1930,1,8,1961.0,123.7,123.7,1,10,2,1,11,15000000,20000000,15005000.0,1
384,0,2014,RED AND BLUE,96,1903,0,8,1965.0,274.3,229.0,1,4,2,2,18,2000000,3000000,2165000.0,1
385,0,2014,UNTITLED,45,1928,0,8,1967.0,52.7,57.1,1,5,1,1,28,3000000,4000000,5205000.0,1
386,0,2014,"UNTITLED (JANUARY 16, 1982)",83,1958,0,7,1982.0,276.8,274.3,1,5,6,1,46,3500000,5000000,2450000.0,0
387,0,2014,HILL STREET (DAY CITY),19,1920,1,8,1981.0,121.9,91.7,1,3,2,0,6,2500000,3500000,4869000.0,1
388,1,2015,WORLD CROWN,58,1960,0,7,1981.0,121.9,142.2,1,2,2,0,27,7000000,10000000,11450000.0,1
389,1,2015,TWO WOMEN AT TABLE,117,1922,0,8,1963.0,91.4,76.2,1,1,2,0,58,1500000,2500000,2530000.0,1
390,1,2015,UNTITLED (INTO AND BEHIND THE GREEN EYES OF THE TIGER MONKEY FACE 43.18),13,1968,1,8,2011.0,122.2,94.0,1,2,1,0,2,2000000,3000000,6522000.0,1
391,1,2015,UNTITLED (BLUE PROFUNDITY),22,1904,0,8,1958.0,75.6,55.9,1,3,1,1,34,1200000,1800000,1690000.0,1
392,1,2015,WHITE YELLOW,94,1923,1,8,1957.0,40.5,30.0,1,1,2,1,10,500000,700000,1210000.0,1
393,1,2015,UNTITLED,133,1904,0,8,1977.0,137.1,152.4,0,4,1,0,38,8000000,12000000,6074000.0,1
394,1,2015,OCEAN PARK #41,117,1922,0,8,1971.0,254.0,205.7,1,2,1,6,35,8000000,12000000,8986000.0,1
395,1,2015,SATURN REVISITED,31,1928,0,7,1964.0,213.3,134.6,1,4,2,1,56,600000,800000,2830000.0,1
396,1,2015,"""WHAT A KID I WAS"" (3 TIMES)",49,1949,1,7,1989.0,244.5,190.5,1,3,1,0,25,3500000,4500000,4226000.0,1
397,1,2015,FLANDERS,7,1910,0,8,1961.0,200.6,149.9,1,3,3,4,36,6000000,8000000,9210000.0,1
398,1,2015,DARK JOY,102,1965,1,2,2012.0,152.4,152.4,1,1,1,0,48,500000,700000,634000.0,1
399,1,2015,MEDIA,23,1930,1,8,1981.0,152.4,152.4,1,5,7,3,20,5000000,7000000,3500000.0,0
400,1,2015,SUPERMAN,93,1928,0,7,1981.0,152.4,152.4,1,5,3,0,6,6000000,8000000,14362000.0,1
401,1,2015,KORIN: DARK MATTER,69,1962,1,7,2015.0,160.0,151.1,1,1,1,0,47,500000,700000,790000.0,1
402,1,2015,UNTITLED,58,1960,0,0,1986.0,74.9,106.4,1,2,1,0,41,800000,1200000,1030000.0,1
403,1,2015,LE TEMPS DES LILAS,62,1925,0,8,1966.0,194.6,129.5,1,7,1,0,55,2500000,3500000,4282000.0,1
404,1,2015,OK,136,1937,1,7,1990.0,182.9,182.9,1,3,2,2,5,3000000,4000000,5402000.0,1
405,1,2015,WHITE #2,40,1960,1,8,1993.0,213.4,152.4,1,2,1,0,26,1800000,2500000,2530000.0,1
406,1,2015,TILTED HEAD,37,1962,1,8,2014.0,35.6,43.2,1,1,1,0,49,700000,900000,730000.0,1
407,1,2015,UNTITLED (NEW YORK CITY),45,1928,0,8,1956.0,114.6,135.3,1,4,4,2,57,5000000,7000000,3500000.0,0
408,1,2015,SACRAMENTO NO. 6,12,1936,1,7,1978.0,262.3,262.3,0,5,1,0,3,2000000,3000000,3070000.0,1
409,1,2015,GOODS AND SERVICES,136,1937,1,7,2012.0,66.0,122.0,1,1,1,0,45,600000,800000,970000.0,1
410,1,2015,UNTITLED #153,41,1954,1,4,1985.0,170.8,125.7,1,1,2,3,54,2000000,3000000,1400000.0,0
411,1,2015,LE DORMEUR DU VAL,46,1945,1,7,2014.0,190.0,330.0,0,1,1,0,50,600000,800000,1330000.0,1
412,1,2015,UNTITLED,110,1943,1,3,2010.0,233.7,182.9,0,2,2,1,40,2000000,3000000,2290000.0,1
413,1,2015,TRUTH,136,1937,1,7,1997.0,137.1,152.4,1,1,1,0,39,3500000,5000000,2450000.0,0
414,1,2015,BRILLO PAINTING (3 ₵ OFF),93,1928,0,4,1964.0,38.7,72.4,0,5,1,0,61,800000,1200000,1810000.0,1
415,1,2015,UNTITLED,4,1941,0,3,1983.0,200.0,180.3,1,3,1,0,21,2000000,3000000,3490000.0,1
416,1,2015,THE INEXTINGUISHABLE,30,1979,1,8,2013.0,85.7,118.1,1,1,1,0,44,250000,350000,550000.0,1
417,1,2015,UNTITLED,68,1955,1,6,1994.0,137.2,101.0,1,5,1,0,9,3000000,4000000,3946000.0,1
418,1,2015,"NUMBER 12, 1950",111,1912,0,8,1950.0,56.5,56.5,1,7,5,2,31,15000000,20000000,18282000.0,1
419,1,2015,NOTE,23,1930,1,8,1998.0,38.4,38.4,1,2,2,2,13,800000,1200000,1150000.0,1
420,1,2015,LITTLE ELECTRIC CHAIR,93,1928,0,7,1964.0,55.9,71.1,0,3,3,1,28,4000000,6000000,4170000.0,1
421,1,2015,UNTITLED,45,1928,0,8,1970.0,139.7,86.4,1,1,5,0,4,4000000,6000000,5066000.0,1
422,1,2015,"PANTHEON, ROME",107,1954,1,4,1990.0,184.1,238.1,1,4,5,5,52,800000,1200000,1810000.0,1
423,1,2015,UNTITLED (YELLOW AND BLUE),99,1903,0,8,1954.0,242.9,186.7,0,5,3,2,11,40000000,60000000,46450000.0,1
424,1,2015,DIAMOND DUST SHADOWS,93,1928,0,7,1979.0,193.0,132.0,0,1,2,1,12,1800000,2200000,5066000.0,1
425,1,2015,ALPHABET (L),6,1975,1,5,2011.0,86.0,177.2,0,2,1,0,24,150000,250000,700000.0,1
426,1,2015,TWO FIGURES IN DEVON,133,1904,0,8,1971.0,146.4,107.8,1,6,2,1,59,2000000,3000000,1400000.0,0
427,1,2015,FRUIT IN A CHINESE BOWL,124,1937,1,8,1988.0,91.4,91.4,1,4,6,0,60,800000,1200000,1930000.0,1
428,1,2015,MAO,93,1928,0,7,1973.0,127.3,107.3,0,7,4,5,19,13000000,16000000,14474000.0,1
429,1,2015,STRANGE,49,1949,1,7,2008.0,171.1,273.0,1,2,1,0,64,600000,800000,420000.0,0
430,1,2015,YELLOW WOMAN,133,1904,0,8,1952.0,22.2,15.2,1,5,3,1,18,6000000,8000000,6410000.0,1
431,1,2015,VICKI! I - I THOUGHT I HEARD YOUR VOICE! (STUDY),15,1923,0,0,1964.0,14.6,14.6,0,2,1,2,14,1200000,1800000,1270000.0,1
432,1,2015,INTERMINABLE NET #3,53,1929,1,8,1959.0,133.4,124.5,1,2,1,0,17,5000000,7000000,5850000.0,1
433,1,2015,UNTITLED (RIOT),68,1955,1,6,1990.0,274.3,182.9,1,2,3,4,7,12000000,18000000,29930000.0,1
434,1,2015,SMEAR,76,1961,1,3,2015.0,243.8,182.9,1,1,1,0,1,500000,700000,4394000.0,1
435,0,2015,A TRIANGLE WITHIN TWO RECTANGLES,109,1937,1,7,1977.0,127.0,217.2,1,4,2,1,52,700000,900000,850000.0,1
436,0,2015,FOUR PINK MARILYNS (REVERSAL SERIES),93,1928,0,7,1986.0,91.7,71.0,1,2,1,0,38,3000000,4000000,4506000.0,1
437,0,2015,ACHROME,18,1933,0,2,1958.0,55.0,40.0,1,5,2,3,51,700000,900000,1450000.0,1
438,0,2015,ESCALADE,78,1979,1,4,2005.0,158.0,147.0,1,2,1,0,36,300000,400000,514000.0,1
439,0,2015,CELESTIAL BODIES,85,1957,1,7,2010.0,208.3,208.3,1,2,1,0,33,600000,800000,1090000.0,1
440,0,2015,"CONCETTO SPAZIALE, ATTESE",26,1899,0,2,1965.0,65.4,200.0,1,2,6,7,8,15000000,20000000,16154000.0,1
441,0,2015,UNTITLED 08-4-6,132,1964,1,8,2008.0,214.9,330.2,1,2,1,0,56,900000,1200000,910000.0,1
442,0,2015,FLOWERS,93,1928,0,7,1964.0,61.0,61.0,1,6,1,0,24,2200000,3200000,2200000.0,1
443,0,2015,"NUMBER 17, 1949",111,1912,0,6,1949.0,56.5,72.0,1,8,5,5,9,20000000,30000000,22930000.0,1
444,0,2015,STAR GRASS,87,1925,0,4,1963.0,148.6,101.6,1,3,1,4,54,1500000,2500000,1150000.0,1
445,0,2015,"CONCETTO SPAZIALE, ATTESE",26,1899,0,2,1963.0,55.2,46.3,1,4,2,0,48,2000000,3000000,3946000.0,1
446,0,2015,VICKI! I -- I THOUGHT I HEARD YOUR VOICE!,15,1923,0,5,1964.0,106.7,106.7,1,1,4,6,21,6000000,9000000,7194000.0,1
447,0,2015,DIAMOND DUST SHOES,93,1928,0,7,1980.0,228.6,177.8,0,4,2,0,32,2000000,3000000,1400000.0,0
448,0,2015,PROMENADE DU SCEPTIQUE,12,1936,1,7,1974.0,342.9,342.9,0,4,1,0,15,2000000,3000000,5402000.0,1
449,0,2015,VICTORY,136,1937,1,7,1988.0,162.5,162.5,1,8,1,0,13,2000000,3000000,3310000.0,1
450,0,2015,UNTITLED #7,113,1912,0,7,1991.0,183.0,183.0,1,1,2,6,12,2500000,3500000,3722000.0,1
451,0,2015,CHIYUSEI BYOTAICHU,67,1924,0,8,1962.0,160.6,130.8,1,3,1,0,17,1500000,2500000,1810000.0,1
452,0,2015,CONCETTO SPAZIALE,26,1899,0,8,1961.0,150.0,200.0,1,7,2,4,14,8000000,12000000,8986000.0,1
453,0,2015,LE TISSU SOCIAL,100,1901,0,7,1977.0,150.0,520.7,1,4,3,3,28,4000000,6000000,7194000.0,1
454,0,2015,ALL DUCK,43,1975,1,8,2010.0,200.7,175.2,1,2,1,0,35,800000,1200000,970000.0,1
455,0,2015,BAIT,87,1925,0,4,1963.0,152.4,152.4,1,7,4,6,26,6000000,8000000,6746000.0,1
456,0,2015,MASONIC LODGE,58,1960,0,7,1983.0,219.0,198.1,0,1,2,4,53,1500000,2000000,5066000.0,1
457,0,2015,PORTRAIT,74,1909,0,8,1962.0,198.0,141.5,0,1,5,5,20,12000000,18000000,15650000.0,1
458,0,2015,UNTITLED,12,1936,1,2,1961.0,30.5,30.5,1,2,1,0,1,500000,700000,1210000.0,1
459,0,2015,UNTITLED,58,1960,0,7,1987.0,242.0,298.5,0,1,1,4,30,1800000,2500000,8314000.0,1
460,0,2015,UNTITLED,68,1955,1,2,2000.0,274.3,183.0,1,4,2,0,10,3000000,4000000,3890000.0,1
461,0,2015,THE KISS (BELA LUGOSI),93,1928,0,4,1964.0,76.0,101.0,1,5,1,2,45,3000000,5000000,2100000.0,0
462,0,2015,SHADES,122,1949,1,8,2001.0,213.4,274.3,1,4,1,0,39,2000000,3000000,5626000.0,1
463,0,2015,IDILLI (I AM THYRSIS OF ETNA BLESSED WITH A TUNEFUL VOICE),45,1928,0,8,1976.0,134.3,148.6,1,4,4,3,16,1500000,2000000,1050000.0,0
464,0,2015,DIAMOND DUST SHADOWS,93,1928,0,7,1979.0,198.1,127.0,0,1,14,2,41,1800000,2500000,2290000.0,1
465,0,2015,PYONGYANG IV,86,1955,1,4,2007.0,304.5,207.0,1,3,2,0,55,1200000,1800000,1390000.0,1
466,0,2015,UNTITLED,45,1928,0,8,1970.0,70.0,100.0,1,1,2,0,4,2000000,3000000,4506000.0,1
467,0,2015,"BLUE COWBOY, EATING",106,1956,1,6,1990.0,182.9,121.9,0,2,2,0,7,2000000,3000000,1400000.0,0
468,0,2015,"FROM POINT, NO. 780163",137,1936,1,8,1978.0,161.9,130.8,1,2,1,0,57,800000,1200000,1330000.0,1
469,0,2015,UNTITLED,77,1956,1,8,2005.0,209.5,169.4,1,3,1,0,3,800000,1200000,3550000.0,1
470,0,2015,POURING COFFEE,117,1922,0,8,1958.0,144.8,154.9,1,1,3,3,27,4000000,6000000,2800000.0,0
471,0,2015,SAFE,136,1937,1,7,1989.0,71.1,106.7,1,2,1,0,31,1200000,1800000,1690000.0,1
472,0,2015,BRILLO PAINTING (3 ₵ OFF),93,1928,0,4,1964.0,240.0,113.7,1,3,3,2,42,5000000,7000000,3500000.0,0
473,1,2016,SELF-PORTRAIT AS VINCENT VAN GOGH,119,1977,1,8,2012.0,48.3,30.5,1,2,2,2,1,200000,300000,2590000.0,1
474,1,2016,TRIANGLE WITHIN A CIRCLE (RED),109,1937,1,7,1974.0,121.9,121.9,1,6,2,1,27,300000,400000,670000.0,1
475,1,2016,WARHOL'S MARILYN MONROE,16,1924,0,7,1967.0,40.6,34.0,1,1,4,0,2,300000,400000,490000.0,1
476,1,2016,RED HEAD,80,1953,1,7,2001.0,229.9,59.7,1,2,1,0,37,2000000,3000000,3250000.0,1
477,1,2016,VIGNETTE #5,56,1955,1,7,2005.0,182.9,152.4,1,2,2,0,19,500000,700000,970000.0,1
478,1,2016,SACCO,47,1915,0,8,1954.0,100.9,87.0,1,3,2,6,10,6000000,8000000,7306000.0,1
479,1,2016,VACHE À L'HERBAGE,100,1901,0,8,1954.0,89.5,114.3,1,4,6,3,42,3000000,4000000,4898000.0,1
480,1,2016,"CONCETTO SPAZIALE, ATTESE",26,1899,0,2,1968.0,61.0,50.0,1,8,3,0,31,1500000,2000000,2590000.0,1
481,1,2016,UNTITLED,68,1955,1,4,2002.0,274.3,182.9,1,4,1,0,34,2000000,3000000,2650000.0,1
482,1,2016,ONION GUM,58,1960,0,7,1983.0,198.7,203.2,0,5,6,3,38,7000000,10000000,6600000.0,1
483,1,2016,UNTITLED,68,1955,1,6,1988.0,243.8,182.9,1,5,3,0,20,2000000,3000000,1400000.0,0
484,1,2016,UNTITLED,62,1925,0,8,1971.0,201.0,186.0,0,5,1,0,22,5000000,7000000,5738000.0,1
485,1,2016,UNTITLED,77,1956,1,8,2007.0,38.0,52.0,1,3,1,0,3,1500000,2000000,2950000.0,1
486,1,2016,ABSTRAKTES BILD,128,1932,1,8,1988.0,122.0,102.0,1,4,1,3,23,3500000,4500000,5850000.0,1
487,1,2016,O.M.R.A.V.S,58,1960,0,7,1984.0,218.4,249.5,0,6,8,4,33,1800000,2500000,3610000.0,1
488,1,2016,UNTITLED,68,1955,1,7,1990.0,243.8,162.6,1,3,6,3,14,14000000,18000000,13914000.0,1
489,1,2016,SUMMER #1,131,1923,0,8,1957.0,242.6,182.9,0,7,5,4,17,8000000,12000000,11842000.0,1
490,1,2016,JAMITA'S SISTER,37,1962,1,8,1993.0,91.7,81.3,1,4,1,1,32,1000000,1500000,994000.0,1
491,1,2016,UNTITLED,77,1956,1,8,2010.0,304.8,243.8,1,4,1,0,13,1800000,2500000,2650000.0,1
492,1,2016,UNTITLED,113,1912,0,7,1999.0,152.4,152.4,0,1,1,0,36,2000000,3000000,2410000.0,1
493,1,2016,RED BODY,87,1925,0,0,1969.0,57.2,75.8,1,6,4,2,40,800000,1200000,790000.0,1
494,1,2016,UNTITLED,12,1936,1,2,1961.0,22.9,22.9,1,2,1,0,6,300000,400000,370000.0,1
495,1,2016,UNTITLED,50,1952,0,7,1986.0,160.0,110.5,1,3,1,0,16,250000,350000,670000.0,1
496,1,2016,RIVER II,62,1925,0,8,1986.0,150.0,300.0,1,6,1,2,24,2500000,3500000,3610000.0,1
497,1,2016,ELIZABETH,7,1910,0,8,1961.0,200.7,149.9,1,4,3,7,30,8000000,12000000,7978000.0,1
498,1,2016,COASTLINE MEASURE,122,1949,1,8,1987.0,221.0,309.9,1,5,3,5,18,2500000,3500000,3250000.0,1
499,1,2016,BLOODLINE: BIG FAMILY NO. 1,10,1958,1,8,1994.0,150.0,180.0,1,6,4,2,35,5000000,7000000,4954000.0,1
500,1,2016,HIGH-WAY,28,1959,1,8,1999.0,76.5,92.7,1,2,1,1,4,2000000,3000000,3946000.0,1
501,1,2016,UNTITLED,24,1930,1,2,1991.0,81.3,57.1,1,4,1,0,41,1500000,2500000,1930000.0,1
502,1,2016,THE NAZIS,14,1969,1,1,1998.0,35.6,25.4,0,1,3,5,39,500000,700000,550000.0,1
503,1,2016,GEORGES DUBUFFET AU JARDIN,100,1901,0,8,1956.0,153.7,91.4,1,5,5,8,7,1500000,2000000,3250000.0,1
504,1,2016,SELF-PORTRAIT (FRIGHT WIG),93,1928,0,7,1986.0,102.0,102.0,1,6,4,0,12,7000000,10000000,7698000.0,1
505,1,2016,TWO STUDIES FOR A SELF-PORTRAIT,74,1909,0,8,1970.0,35.5,30.5,1,1,2,2,8,22000000,30000000,34970000.0,1
506,1,2016,CAMOUFLAGE (BLUE),93,1928,0,7,1986.0,193.0,193.0,0,1,3,1,15,2500000,3500000,2890000.0,1
507,1,2016,"CONCETTO SPAZIALE, ATTESE",26,1899,0,2,1960.0,73.3,100.3,1,6,4,3,11,1500000,2000000,1050000.0,0
508,0,2016,THE HOUSE,49,1949,1,7,2007.0,198.1,205.7,1,2,1,0,24,600000,800000,996500.0,1
509,0,2016,CAVE PAINTING,126,1954,0,0,1984.0,365.8,487.7,0,4,4,3,64,500000,700000,516500.0,1
510,0,2016,UNTITLED,4,1941,0,7,1998.0,154.3,134.3,1,2,1,0,14,2500000,3500000,3132500.0,1
511,0,2016,UNTITLED (SMOKING),54,1913,0,8,1979.0,90.2,81.3,0,1,3,1,3,1500000,2000000,3612500.0,1
512,0,2016,"DEIN ASCHENES HAAR, SULAMITH",46,1945,1,8,1981.0,130.2,170.2,0,3,1,0,9,2000000,3000000,2112500.0,1
513,0,2016,UNTITLED (BOLSENA),45,1928,0,0,1969.0,70.0,100.0,1,6,1,1,35,1000000,1500000,2952500.0,1
514,0,2016,FAMILIE HÖTZEL,128,1932,1,8,1966.0,80.0,54.9,1,5,1,8,20,3000000,4000000,2100000.0,0
515,0,2016,DROWN,51,1983,1,7,2012.0,152.4,182.9,1,2,1,0,26,200000,300000,1092500.0,1
516,0,2016,WISH WORLD PEACE,0,1959,1,7,2014.0,194.0,162.2,1,2,1,0,29,2000000,3000000,2292500.0,1
517,0,2016,UNTITLED #9,22,1904,0,8,1957.0,51.7,39.0,1,4,5,2,18,2000000,3000000,1332500.0,1
518,0,2016,MIRROR-IMAGE LEVEL,136,1937,1,7,2003.0,162.6,182.9,1,4,1,1,45,3000000,4000000,3725000.0,1
519,0,2016,FIGURE #92,40,1960,1,7,2011.0,152.4,121.9,1,2,1,0,25,500000,700000,852500.0,1
520,0,2016,ZIEGE,128,1932,1,8,1984.0,200.0,180.3,1,7,3,4,10,8000000,12000000,8986000.0,1
521,0,2016,"WOLDGATE WOODS, 24, 25, AND 26 OCTOBER 2006",124,1937,1,8,2006.0,182.9,365.7,1,2,3,0,43,9000000,12000000,11712500.0,1
522,0,2016,GRAU,128,1932,1,8,1974.0,101.6,95.9,1,1,4,1,12,400000,600000,552500.0,1
523,0,2016,SELF-PORTRAIT FOR TONY,83,1958,0,7,1985.0,121.9,121.9,1,4,4,2,37,2500000,3500000,4512500.0,1
524,0,2016,PRATFALL,12,1936,1,7,1974.0,328.9,328.9,0,10,2,1,51,3500000,4500000,8900000.0,1
525,0,2016,UNTITLED #150,41,1954,1,4,1985.0,125.7,169.6,1,1,4,4,46,800000,1200000,768500.0,1
526,0,2016,UNTITLED (COWBOY),49,1949,1,1,1997.0,126.4,193.0,1,1,3,1,31,1200000,1800000,1452500.0,1
527,0,2016,UNTITLED,22,1904,0,8,1976.0,139.7,150.8,0,4,1,2,7,8000000,12000000,10362500.0,1
528,0,2016,YOUR SWEETNESS IS MY WEAKNESS,68,1955,1,6,1995.0,228.6,152.4,1,2,2,1,30,4000000,6000000,6762500.0,1
529,0,2016,UNTITLED,49,1949,1,7,1993.0,142.6,121.9,1,3,1,0,60,1000000,1500000,1092500.0,1
530,0,2016,WOMAN ON BROWN CHAIR,85,1957,1,8,2007.0,160.0,127.0,1,2,1,1,23,500000,700000,972500.0,1
531,0,2016,EIN STÜCK MALEREI,32,1938,1,8,1966.0,162.5,130.5,1,4,3,1,11,800000,1200000,1452500.0,1
532,0,2016,UNTITLED,22,1904,0,0,1938.0,18.0,21.6,1,6,1,0,22,250000,350000,516500.0,1
533,0,2016,ST. BUZZARD,58,1960,0,8,1985.0,75.3,106.7,0,4,1,0,59,600000,800000,1692500.0,1
534,0,2016,STUDY FOR 'FIGURE',7,1910,0,4,1956.0,25.0,19.0,1,6,1,0,16,200000,300000,588500.0,1
535,0,2016,STUDY FOR 'CROSS TOWN',7,1910,0,4,1956.0,21.6,27.9,1,7,1,0,17,200000,300000,444500.0,1
536,0,2016,JOHNS FLAG,16,1924,0,8,1965.0,95.9,143.5,1,5,6,5,32,3000000,4000000,2100000.0,0
537,0,2016,GREEN OVER BLACK,96,1903,0,8,1960.0,229.2,151.7,1,6,6,2,39,2000000,3000000,4062500.0,1
538,0,2016,ALOHA NURSE,49,1949,1,7,2002.0,147.3,91.4,1,2,2,2,48,4000000,6000000,4730000.0,1
539,0,2016,VENEDIG,128,1932,1,8,1986.0,91.4,96.5,1,1,4,2,19,4000000,6000000,3492500.0,1
540,0,2016,WOMAN LANDSCAPE X,22,1904,0,8,1968.0,71.7,104.8,1,4,4,0,21,1500000,2000000,2832500.0,1
541,0,2016,BROTHER'S SAUSAGE,58,1960,0,7,1983.0,121.9,476.2,0,6,6,6,36,15000000,20000000,18650000.0,1
542,0,2016,LANDSCHAFT,128,1932,1,8,1992.0,67.3,94.0,1,3,1,3,15,5000000,7000000,5862500.0,1
543,0,2016,UNTITLED (WAX),58,1960,0,7,1984.0,152.4,152.4,1,1,2,1,56,1800000,2500000,2292500.0,1
544,0,2016,STUDY FOR PORTRAIT OF AN ARTIST (POOL WITH TWO FIGURES),124,1937,1,0,1972.0,35.2,47.6,0,4,1,0,34,700000,1000000,2052500.0,1
545,0,2016,ECRITURE NO. 9-79,81,1931,1,8,1979.0,195.6,290.8,1,2,4,0,61,1000000,1500000,1212500.0,1
546,0,2016,UNTITLED ANTHROPOMETRY (ANT 31),20,1928,0,2,1960.0,110.0,75.0,1,5,1,1,54,2000000,3000000,1400000.0,0
547,0,2016,UNTITLED (STUDY FOR GATE),103,1957,1,5,1991.0,175.3,132.1,0,2,1,0,2,600000,800000,1332500.0,1
548,0,2016,DIDJA?,136,1937,1,7,1987.0,182.9,182.9,1,3,1,1,33,2500000,3500000,3072500.0,1
549,0,2016,"A B, STILL",128,1932,1,8,1986.0,224.8,200.0,1,4,3,2,13,20000000,30000000,33987500.0,1
550,0,2016,TURISTA CHE MANGIA UN PANINO,125,1933,1,5,1975.0,120.0,230.0,1,2,1,0,55,1000000,1500000,1572500.0,1
551,0,2016,UNTITLED #216,41,1954,1,4,1989.0,241.3,163.2,1,1,4,3,58,1000000,1500000,1032500.0,1
552,0,2016,LENIN,93,1928,0,7,1986.0,183.5,122.0,1,2,1,1,47,4000000,6000000,8112500.0,1
553,0,2016,UNTITLED,45,1928,0,8,1960.0,174.0,200.0,1,2,2,0,52,4000000,6000000,4850000.0,1
554,0,2016,SEA & SAND DUNES,9,1885,1,8,1955.0,101.6,152.4,1,2,4,0,42,3000000,5000000,3612500.0,1
555,0,2016,L'ADIEU À LA FENÊTRE,100,1901,0,8,1949.0,88.9,116.2,1,2,7,2,53,1800000,2500000,2892500.0,1
556,0,2016,UNTITLED,99,1903,0,8,1969.0,132.0,102.1,0,6,1,0,41,3500000,4500000,4512500.0,1
557,0,2016,UNTITLED (FRENCH GREY FAN 10-90% BUTTERFLY WITH WARM GREY 90% BETWEEN),13,1968,1,0,2006.0,152.4,121.9,1,2,1,2,1,600000,800000,1872500.0,1
558,0,2016,SELF-PORTRAIT (FRIGHT WIG),93,1928,0,7,1986.0,203.2,193.0,0,3,1,0,38,20000000,30000000,24425000.0,1
559,0,2016,CHATEAU MEYNEY,37,1962,1,8,2013.0,106.7,86.4,1,2,1,0,57,2500000,3500000,1750000.0,0
560,0,2016,UNTITLED #29,23,1930,1,8,1963.0,27.3,27.3,1,1,3,2,8,1000000,1500000,1332500.0,1
561,0,2016,UNTITLED XXXIX,22,1904,0,8,1983.0,177.8,203.2,0,3,1,8,4,8000000,12000000,9800000.0,1
562,0,2016,MOONSHINE SONATA,42,1880,0,8,1961.0,198.1,214.3,1,6,3,6,40,1800000,2500000,3492500.0,1
563,0,2016,UNTITLED,77,1956,1,8,2010.0,241.0,192.0,1,2,1,0,27,2000000,3000000,4006250.0,1
564,0,2016,LET'S MAKE CHRISTMAS MEAN SOMETHING THIS YEAR,76,1961,1,3,2007.0,259.0,365.0,1,2,2,2,28,3000000,4000000,4737500.0,1
565,0,2016,STRANGER #38,40,1960,1,7,2009.0,243.8,182.9,1,2,1,0,50,1200000,1800000,1212500.0,1
566,0,2016,WOMAN IN TUB,19,1920,1,8,1965.0,90.8,152.4,1,4,3,4,63,1200000,1800000,1902500.0,1
567,0,2016,BRIEF,23,1930,1,8,1997.0,76.2,76.2,1,1,4,1,5,2500000,3500000,3612500.0,1
568,0,2016,"A B, ST. JAMES",128,1932,1,8,1988.0,200.0,260.0,1,2,2,6,6,20000000,30000000,22737500.0,1
569,1,2017,"BUILDING, PERSHING SQUARE, LOS ANGELES",124,1937,1,7,1964.0,147.3,147.3,1,6,4,7,21,6000000,8000000,7887500.0,1
570,1,2017,CAMOUFLAGE,93,1928,0,7,1986.0,203.2,1016.0,0,5,2,0,35,4000000,6000000,2800000.0,0
571,1,2017,BLACK STILL LIFE,63,1977,1,7,2012.0,222.9,208.3,1,2,1,0,1,250000,350000,1152500.0,1
572,1,2017,THE SECOND PRESENTATION ROOM,119,1977,1,8,2011.0,200.0,229.9,1,2,1,0,33,1000000,1500000,2172500.0,1
573,1,2017,WOMAN WITH NECK RIBBON,15,1923,0,8,1978.0,152.7,127.0,1,7,1,2,23,3000000,4000000,5187500.0,1
574,1,2017,"COSMO, SELMA, VINE",66,1937,1,7,2000.0,177.8,350.5,1,2,1,2,22,1800000,2500000,1452500.0,1
575,1,2017,GAUGUIN'S CHAIR,124,1937,1,7,1988.0,121.9,91.4,1,6,5,3,15,2500000,3500000,3837500.0,1
576,1,2017,GRAT (5),128,1932,1,8,1989.0,62.2,81.9,1,7,3,2,38,2000000,3000000,2892500.0,1
577,1,2017,UNTITLED (RELIEF NO. 19/46),38,1930,0,5,1964.0,81.0,61.0,1,1,2,0,48,1000000,1500000,1572500.0,1
578,1,2017,IN THE WINGS,58,1960,0,7,1986.0,149.9,99.7,1,1,5,3,31,5000000,7000000,5975000.0,1
579,1,2017,GESTICULEUR,100,1901,0,8,1946.0,73.0,60.0,1,8,2,2,17,1500000,2000000,5412500.0,1
580,1,2017,UNTITLED (FACE 41.05),13,1968,1,8,2010.0,127.0,100.7,1,3,1,0,4,6000000,8000000,6987500.0,1
581,1,2017,UNTITLED,83,1958,0,7,1982.0,308.6,301.6,0,4,7,1,26,4000000,6000000,6537500.0,1
582,1,2017,UNTITLED (DECADE),71,1933,0,2,1999.0,20.3,25.4,1,4,1,1,12,2000000,3000000,4175000.0,1
583,1,2017,LE BATEAU II,100,1901,0,8,1964.0,145.7,114.0,1,7,2,1,45,1800000,2500000,2172500.0,1
584,1,2017,UNTITLED,62,1925,0,8,1992.0,129.5,194.0,1,4,1,0,39,1800000,2500000,2052500.0,1
585,1,2017,M.D.4 (MARIALE),39,1922,0,8,1962.0,235.5,207.0,1,1,5,5,49,2000000,3000000,3252500.0,1
586,1,2017,NO ROOM AT THE END,62,1925,0,8,1977.0,279.4,360.0,0,13,5,0,36,3500000,5000000,2450000.0,0
587,1,2017,LAKE MICHIGAN,53,1929,1,8,1960.0,64.8,80.0,1,1,3,0,2,2000000,3000000,5300000.0,1
588,1,2017,CINEMA DE PEPSI SKETCH I,12,1936,1,2,1966.0,175.3,175.3,1,5,1,0,42,3500000,4500000,4512500.0,1
589,1,2017,LOVE,95,1928,1,8,1969.0,61.0,61.0,0,1,3,0,25,500000,700000,2052500.0,1
590,1,2017,SILEX SCINTILLANS,45,1928,0,8,1981.0,99.7,70.5,1,9,5,5,6,5000000,7000000,8337500.0,1
591,1,2017,ÉCRITURE NO. 45-75,81,1931,1,8,1975.0,129.9,161.9,1,2,4,0,41,800000,1200000,1212500.0,1
592,1,2017,SMOKER #21,3,1931,0,8,1975.0,189.2,171.5,1,4,1,0,28,2000000,3000000,2532500.0,1
593,1,2017,UNTITLED (5.4.86),128,1932,1,8,1986.0,124.5,97.5,1,2,1,0,44,700000,1000000,2172500.0,1
594,1,2017,SCHLAPP,68,1955,1,2,2004.0,228.6,152.4,1,2,1,0,29,2000000,3000000,1932500.0,1
595,1,2017,ARUNDEL CASTLE (SMALL VERSION),12,1936,1,2,1959.0,45.1,30.5,0,1,1,1,3,1800000,2500000,3372500.0,1
596,1,2017,UNTITLED (COWBOY),49,1949,1,1,2001.0,127.0,185.4,1,5,1,0,32,1400000,1800000,1812500.0,1
597,1,2017,SANTO 4,58,1960,0,7,1982.0,91.4,91.4,1,2,1,0,34,1800000,2500000,4062500.0,1
598,1,2017,ABSTRAKTES BILD,128,1932,1,8,1991.0,200.0,160.0,1,3,1,2,14,12000000,18000000,15425000.0,1
599,1,2017,UNTITLED,4,1941,0,3,2003.0,122.6,142.6,0,2,1,0,51,1000000,1500000,972500.0,1
600,1,2017,UNTITLED (TOBACCO),58,1960,0,8,1984.0,57.0,77.0,0,1,4,3,9,600000,800000,1212500.0,1
601,1,2017,FREISCHWIMMER 123,25,1968,1,4,2004.0,181.0,240.0,1,3,1,0,13,200000,300000,660500.0,1
602,1,2017,ROT/GELB,88,1943,0,2,1968.0,200.3,70.2,1,5,6,1,43,1500000,2000000,4512500.0,1
603,1,2017,"CONCETTO SPAZIALE, ATTESE",26,1899,0,2,1965.0,73.0,60.3,1,1,5,3,46,2000000,3000000,3132500.0,1
604,1,2017,THREAD,51,1983,1,7,2012.0,132.1,132.1,1,3,3,0,10,600000,800000,1032500.0,1
605,1,2017,UNTITLED #13,113,1912,0,7,1980.0,182.9,182.9,1,7,8,1,7,5000000,7000000,8112500.0,1
606,1,2017,CIGAR,54,1913,0,8,1969.0,132.1,152.7,1,5,3,1,11,4000000,6000000,6537500.0,1
607,1,2017,HAMMER AND SICKLE,93,1928,0,7,1976.0,182.2,218.8,1,1,7,4,27,6000000,8000000,5525000.0,1
608,1,2017,ANTAR,58,1960,0,7,1985.0,200.0,280.0,1,2,2,4,37,3000000,4000000,3552500.0,1
609,0,2017,THE GREAT AMERICAN LOVE (LOVE WALL),95,1928,1,8,1972.0,182.9,182.9,0,1,5,5,54,3500000,5000000,3555000.0,1
610,0,2017,UNTITLED,55,1905,0,9,1945.0,55.9,38.7,0,3,3,7,11,800000,1200000,735000.0,1
611,0,2017,UNTITLED,110,1943,1,4,1975.0,101.6,76.2,1,3,1,0,65,350000,450000,1635000.0,1
612,0,2017,FLAG,24,1930,1,4,1972.0,43.2,59.1,1,1,3,1,2,1000000,1500000,1815000.0,1
613,0,2017,UNTITLED (EUCLIDIAN ABYSS I),55,1905,0,0,1946.0,26.0,20.0,0,3,1,4,21,500000,700000,495000.0,1
614,0,2017,CAMPBELL'S SOUP CAN,93,1928,0,2,1961.0,50.8,40.6,0,1,2,1,66,1500000,2000000,1815000.0,1
615,0,2017,MAGDALENA (UNDERWEAR AND BEDTIME STORIES),80,1953,1,8,1995.0,200.3,100.3,1,2,3,5,27,3000000,4000000,3615000.0,1
616,0,2017,"BREAKFAST AT MALIBU, WEDNESDAY",124,1937,1,8,1989.0,61.0,91.4,1,3,2,1,38,1200000,1800000,4687550.0,1
617,0,2017,UNTITLED (SEATED WOMAN),117,1922,0,8,1956.0,81.3,72.1,0,4,1,1,67,1000000,1500000,1035000.0,1
618,0,2017,PURPLE PANEL WITH BLUE CURVE,94,1923,0,8,1989.0,193.0,289.6,1,2,3,7,42,3000000,5000000,3953700.0,1
619,0,2017,THE PAINTER'S MOTHER,21,1922,0,0,1983.0,33.7,24.1,0,1,3,0,20,350000,450000,471000.0,1
620,0,2017,MAO,93,1928,0,7,1972.0,208.3,152.4,1,4,3,2,45,30000000,40000000,32404500.0,1
621,0,2017,UNTITLED #12,113,1912,0,7,1996.0,152.7,152.7,1,2,1,2,57,3000000,4000000,2775000.0,1
622,0,2017,SHADES OF MEANING,66,1937,1,0,1973.0,29.2,74.0,1,5,2,2,9,300000,400000,591000.0,1
623,0,2017,RUE SAINT-LAZARE (LA GRATOUILLE),100,1901,0,0,1962.0,49.8,67.3,1,4,2,0,36,1000000,1500000,3375000.0,1
624,0,2017,UNTITLED,123,1970,1,7,2012.0,275.0,214.0,1,2,1,1,25,200000,300000,1755000.0,1
625,0,2017,USUYUKI,24,1930,1,9,1995.0,74.3,118.1,1,1,2,0,4,2500000,3500000,4179500.0,1
626,0,2017,DRAWING FOR 'INTERIOR WITH SWIMMING POOL PAINTING',15,1923,0,0,1993.0,15.2,12.7,1,4,1,1,24,300000,400000,435000.0,1
627,0,2017,STUDY FOR 'FALL',24,1930,1,9,1986.0,44.1,54.0,1,1,4,3,17,600000,800000,855000.0,1
628,0,2017,UNTITLED,24,1930,1,9,1988.0,56.8,78.4,1,1,2,3,16,800000,1200000,975000.0,1
629,0,2017,UNTITLED,133,1904,0,5,1949.0,36.8,42.9,1,2,1,0,14,600000,800000,615000.0,1
630,0,2017,UNTITLED #5,113,1912,0,7,1981.0,182.9,182.9,1,5,3,1,35,6000000,8000000,4200000.0,0
631,0,2017,FEMALE HEAD,15,1923,0,8,1997.0,152.4,127.0,1,2,5,1,29,10000000,15000000,24501500.0,1
632,0,2017,UNTITLED,24,1930,1,9,1990.0,76.5,56.2,1,1,3,5,23,500000,700000,615000.0,1
633,0,2017,THE HOURS BEHIND YOU,33,1977,1,8,2011.0,230.5,250.8,0,2,1,0,26,250000,350000,1575000.0,1
634,0,2017,STE. HILAIRE,62,1925,0,8,1957.0,160.3,226.4,1,5,2,0,43,6000000,8000000,6663300.0,1
635,0,2017,NUMBERS,24,1930,1,4,2006.0,97.5,82.2,1,1,2,1,12,2500000,3500000,4179500.0,1
636,0,2017,FAIR,75,1924,1,8,1960.0,142.6,142.2,1,2,1,0,58,1500000,2000000,3135000.0,1
637,0,2017,UNTITLED,111,1912,0,4,1951.0,62.2,86.4,1,5,4,3,6,3000000,4000000,4179500.0,1
638,0,2017,MERIDIAN,23,1930,1,2,1971.0,152.4,152.4,1,1,8,3,59,4000000,6000000,2800000.0,0
639,0,2017,FLASH IN NAPLES,58,1960,0,7,1983.0,168.0,153.4,1,1,3,4,52,7000000,10000000,8131000.0,1
640,0,2017,"A B, TOWER",128,1932,1,8,1987.0,140.0,99.7,1,2,1,3,62,3000000,4000000,3840800.0,1
641,0,2017,LIGHT LEAKS,66,1937,1,7,1993.0,101.6,182.9,1,2,2,0,30,1500000,2000000,3953700.0,1
642,0,2017,CABRA,58,1960,0,7,1982.0,153.0,153.0,1,2,3,6,32,9000000,12000000,10953500.0,1
643,0,2017,DOLLAR SIGN,93,1928,0,7,1981.0,228.6,177.8,1,8,8,0,53,5000000,7000000,5873000.0,1
644,0,2017,UNTITLED,99,1903,0,7,1968.0,70.5,54.6,0,1,7,2,8,5000000,7000000,6437500.0,1
645,0,2017,UNTITLED,54,1913,0,8,1973.0,121.9,152.4,0,1,5,0,68,1800000,2500000,3315000.0,1
646,0,2017,THREE STUDIES OF GEORGE DYER,74,1909,0,8,1966.0,35.6,30.5,0,4,1,4,40,35000000,45000000,38614000.0,1
647,0,2017,HYDRA DIPTYCH,36,1938,1,4,1991.0,35.6,42.5,1,2,1,1,3,800000,1000000,1035000.0,1
648,0,2017,MADONNA I,86,1955,1,4,2001.0,282.9,207.0,1,2,3,0,69,800000,1200000,1035000.0,1
649,0,2017,BARBE DES SAGES DE L'ASIE,100,1901,0,4,1959.0,51.1,33.7,1,4,2,2,15,300000,400000,825000.0,1
650,0,2017,SCULTURA DI CHAMBERLAIN,125,1933,1,0,1965.0,120.0,100.0,1,1,4,4,50,800000,1200000,915000.0,1
651,0,2017,BRAVE MAN'S PORCH,66,1937,1,7,1996.0,208.3,127.0,1,2,1,3,56,4000000,6000000,6550400.0,1
652,0,2017,UNTITLED (AFTER SAM),77,1956,1,8,2005.0,38.1,52.1,1,2,1,0,28,1800000,2500000,2895000.0,1
653,0,2017,"DEIN GOLDENES HAAR, MARGARETHE",46,1945,1,9,1980.0,50.2,64.1,0,5,1,0,18,300000,400000,435000.0,1
654,0,2017,THE LAST SUPPER,93,1928,0,7,1986.0,101.9,101.9,0,4,1,0,31,4000000,6000000,4631100.0,1
655,0,2017,UNTITLED,24,1930,1,4,1980.0,43.2,63.2,1,1,2,2,7,800000,1200000,1695000.0,1
656,0,2017,"CONCETTO SPAZIALE, ATTESA",26,1899,0,8,1964.0,73.0,60.3,1,5,3,4,49,2000000,3000000,2415000.0,1
657,0,2017,AFRICAN AMERICAN FLAG,110,1943,1,5,1990.0,242.6,154.3,1,2,3,2,33,1500000,2000000,2175000.0,1
658,0,2017,'THE WHITE TREE' (STUDY),15,1923,0,0,1979.0,29.2,57.2,1,3,3,1,13,450000,650000,975000.0,1
659,0,2017,MAISON FONDÉE,100,1901,0,8,1961.0,116.2,89.0,1,8,3,2,37,12000000,18000000,8400000.0,0
660,0,2017,FREISCHWIMMER 106,25,1968,1,4,2004.0,181.0,238.1,0,2,1,0,70,150000,200000,399000.0,1
661,0,2017,BOUCHE EN CROISSANT (OU RIEUSE À BOUCHE EN CROISSANT DE LUNE),100,1901,0,8,1946.0,64.5,54.3,1,7,4,6,47,1200000,1800000,3075000.0,1
662,0,2017,VESUV,128,1932,1,8,1976.0,76.8,109.9,1,5,3,6,44,4000000,6000000,4969800.0,1
663,0,2017,BOY ON THE STAIRS,21,1922,0,0,1948.0,22.9,14.0,0,1,4,2,1,600000,800000,1455000.0,1
664,0,2017,PORTRAIT OF A WOMAN,21,1922,0,2,1990.0,61.3,47.9,0,3,1,0,19,900000,1200000,1155000.0,1
665,0,2017,UNTITLED (ROMAN NOTE),45,1928,0,8,1970.0,70.2,87.3,0,4,2,1,5,1200000,1800000,2835000.0,1
666,0,2017,THE VISIT,54,1913,0,8,1955.0,173.7,149.2,1,1,4,6,39,6000000,8000000,8356800.0,1
667,0,2017,BLACK LANDSCAPE POT WITH KIWI PLANT,63,1977,1,7,2014.0,343.2,236.2,1,2,1,0,72,300000,400000,795000.0,1
668,0,2017,A DRAGON KISS ALWAYS ENDS IN ASHES,27,1972,1,4,2007.0,135.3,257.5,1,2,2,1,71,150000,200000,287500.0,1
669,0,2017,UNTITLED,55,1905,0,4,1946.0,60.3,44.8,1,3,3,4,10,1800000,2200000,2295000.0,1
670,0,2017,UNTITLED,133,1904,0,0,1949.0,52.4,45.7,1,1,1,0,22,600000,800000,735000.0,1
671,1,2018,ABSTRAKTES BILD,128,1932,1,8,1977.0,225.7,200.0,1,7,5,5,37,4000000,6000000,4856900.0,1
672,1,2018,AGADIR I,12,1936,1,2,1964.0,195.6,195.6,1,3,2,2,20,2000000,3000000,3495000.0,1
673,1,2018,STUDY FOR THE BETROTHAL,116,1904,0,0,1947.0,126.4,102.0,0,1,9,3,42,1500000,2000000,1695000.0,1
674,1,2018,CAMPBELL'S SOUP CAN AND CAN OPENER,93,1928,0,0,1962.0,60.3,45.7,1,4,1,0,12,1000000,1500000,1215000.0,1
675,1,2018,TRIAD,111,1912,0,8,1948.0,52.4,65.7,1,10,6,6,36,1500000,2000000,2055000.0,1
676,1,2018,OXIDATION PAINTING,93,1928,0,7,1978.0,193.0,132.1,0,1,3,4,22,2500000,3500000,3375000.0,1
677,1,2018,MATERNITY,110,1943,1,5,1994.0,104.1,41.9,1,1,4,1,26,1400000,1800000,975000.0,1
678,1,2018,UNTITLED #3,113,1912,0,7,1989.0,182.9,182.9,1,3,1,0,32,2500000,3500000,3840800.0,1
679,1,2018,DANCERS ON A PLANE,24,1930,1,8,1980.0,75.9,60.3,0,4,2,4,28,6000000,8000000,8695500.0,1
680,1,2018,UNTITLED,68,1955,1,6,1992.0,109.2,76.2,1,5,1,0,10,7000000,10000000,7905200.0,1
681,1,2018,BLACK STILL LIFE WITH YELLOW ORCHID,63,1977,1,7,2013.0,156.2,127.0,1,2,1,0,44,500000,700000,2055000.0,1
682,1,2018,GREEN CROSS,7,1910,0,8,1956.0,177.2,269.2,0,4,5,2,15,6500000,7500000,5195600.0,1
683,1,2018,STARS,113,1912,0,4,1963.0,30.5,30.5,1,5,2,1,19,600000,800000,1695000.0,1
684,1,2018,VISIBLE GIANT,76,1961,1,3,2014.0,214.0,275.0,1,2,1,0,27,4000000,6000000,4631100.0,1
685,1,2018,AN ASSISTANCE OF AMBER,33,1977,1,8,2017.0,130.2,200.0,1,1,1,0,3,100000,150000,555000.0,1
686,1,2018,TWO DOLLAR BILLS (BACK) (40 TWO DOLLAR BILLS IN GREEN),93,1928,0,4,1962.0,210.8,48.3,1,8,5,6,49,2500000,3500000,3015000.0,1
687,1,2018,BUSH BABIES,51,1983,1,7,2017.0,182.9,152.4,0,1,1,0,5,600000,800000,3375000.0,1
688,1,2018,CONJURED PARTS (DRESDEN),2,1970,1,7,2017.0,213.4,243.8,0,1,1,0,2,1000000,1500000,3375000.0,1
689,1,2018,"NUMBER 32, 1949",111,1912,0,8,1949.0,78.7,57.1,1,6,5,2,14,30000000,40000000,34098000.0,1
690,1,2018,SOURCE OF THE LOUE,122,1949,1,8,1988.0,165.1,205.7,1,4,2,1,39,2500000,3500000,7453600.0,1
691,1,2018,STRANGER #86,40,1960,1,8,2016.0,243.8,182.9,1,1,1,0,4,1000000,1500000,2295000.0,1
692,1,2018,PACIFIC COAST HIGHWAY AND SANTA MONICA,124,1937,1,8,1990.0,198.1,304.8,1,5,3,5,21,20000000,30000000,28453000.0,1
693,1,2018,BURST II,96,1903,0,7,1972.0,228.6,152.4,0,8,1,2,46,1200000,1800000,1995000.0,1
694,1,2018,DAY OF THE IDOL,85,1957,1,7,2011.0,172.7,167.6,1,2,1,0,25,1500000,2000000,2775000.0,1
695,1,2018,BLUE PANEL,94,1923,0,8,1986.0,252.7,238.8,1,4,3,1,33,3500000,4500000,5131400.0,1
696,1,2018,PAST TIMES,56,1955,1,7,1997.0,275.0,398.8,1,2,2,2,5,8000000,12000000,21114500.0,1
697,1,2018,PISCINE DE MEDIANOCHE (PAPER POOL 30),124,1937,1,0,1978.0,182.9,217.2,1,4,1,0,11,5000000,7000000,11743800.0,1
698,1,2018,ABSTRAKTES BILD,128,1932,1,8,1991.0,200.0,200.0,1,2,2,7,16,15000000,20000000,16563000.0,1
699,1,2018,UNTITLED,77,1956,1,8,2011.0,241.3,193.0,1,2,1,0,45,1500000,2000000,1815000.0,1
700,1,2018,BRENDA P,89,1945,0,7,1974.0,182.9,127.0,1,3,2,0,8,700000,1000000,2175000.0,1
701,1,2018,OCEAN PARK #55,117,1922,0,8,1972.0,198.1,198.4,1,4,1,3,18,7000000,10000000,10953500.0,1
702,1,2018,SUDDENLY LAST SUMMER,105,1969,1,8,1999.0,254.0,280.0,1,6,3,5,43,1800000,2500000,6776200.0,1
703,1,2018,"CONCETTO SPAZIALE, ATTESA",26,1899,0,2,1967.0,92.1,73.3,1,7,1,4,34,3000000,4000000,2100000.0,0
704,1,2018,VIBRACIÓN BLANCA,130,1923,1,5,1959.0,100.0,100.0,1,3,1,0,48,600000,800000,1035000.0,1
705,1,2018,"FELLOW TRAVELERS, FLAMING CREATURES",34,1987,1,7,2013.0,218.4,335.3,0,3,1,1,6,80000,120000,735000.0,1
706,1,2018,UNTITLED (BOLEGO),77,1956,1,8,2006.0,38.1,52.1,1,2,1,3,9,1800000,2500000,4518200.0,1
707,1,2018,MONTHS AND MOONS,70,1922,0,8,1950.0,139.7,180.8,1,4,4,3,41,400000,600000,435000.0,1
708,1,2018,"SPEAK, BIRDMAN",76,1961,1,3,2018.0,151.1,179.1,1,1,1,0,1,2000000,3000000,6776200.0,1
709,1,2018,GALAXY,55,1905,0,8,1949.0,61.3,51.1,1,6,5,7,35,9000000,12000000,9963200.0,1
710,0,2018,CALLA LILIES ON RED,65,1887,0,8,1928.0,81.6,43.5,1,6,6,6,15,8000000,12000000,6169800.0,1
711,0,2018,UNTITLED,77,1956,1,8,2012.0,242.0,193.0,1,2,1,1,53,1200000,1800000,1395000.0,1
712,0,2018,LES IMPLICATIONS QUOTIDIENNES,100,1901,0,7,1976.0,182.9,165.1,1,5,1,1,50,2000000,3000000,2415000.0,1
713,0,2018,SELF-PORTRAIT (CIGARETTE),44,1927,1,8,1957.0,91.4,61.0,0,4,4,4,46,500000,700000,855000.0,1
714,0,2018,TRINKER AM TISCH (DRINKER AT TABLE),32,1938,1,8,1983.0,250.2,200.0,1,4,4,4,38,3000000,5000000,5040800.0,1
715,0,2018,UNTITLED,58,1960,0,7,1988.0,107.0,91.4,0,4,0,0,19,2000000,4000000,3435000.0,1
716,0,2018,SCHWEFEL (SULPHUR),128,1932,1,8,1985.0,200.3,300.5,1,5,2,2,37,12000000,18000000,12492200.0,1
717,0,2018,MASQUE,58,1960,0,7,1981.0,143.5,128.3,1,6,3,3,49,3000000,4000000,4635000.0,1
718,0,2018,DIAGONAL,72,1945,1,7,1975.0,116.8,152.7,0,7,2,2,52,1200000,1800000,840000.0,0
719,0,2018,DEUX FIGURES DANS UN PAYSAGE,100,1901,0,8,1949.0,89.2,116.2,1,15,5,5,40,1500000,2000000,1815000.0,1
720,0,2018,UNTITLED X,133,1904,0,8,1977.0,150.5,139.7,1,4,6,6,42,7000000,10000000,8314900.0,1
721,0,2018,DISAPPEAR LIKE A DOPE FIEND,76,1961,1,3,2006.0,120.3,155.6,1,2,1,1,6,1800000,2500000,3855000.0,1
722,0,2018,UNTITLED,45,1928,0,8,1970.0,70.5,87.3,1,7,2,2,14,2500000,3500000,2895000.0,1
723,0,2018,FLAGS,24,1930,1,9,1965.0,76.5,56.2,1,1,4,4,10,4500000,6500000,5492400.0,1
724,0,2018,UNTITLED,23,1930,1,8,1961.0,41.9,41.9,1,1,3,3,11,1800000,2500000,3975000.0,1
725,0,2018,UNTITLED #7,113,1912,0,7,2002.0,152.4,152.4,1,4,1,1,51,1500000,2000000,1815000.0,1
726,0,2018,CONCETTO SPAZIALE,26,1899,0,8,1964.0,73.0,60.3,1,9,4,4,12,1500000,2000000,3915000.0,1
727,0,2018,LOVE,95,1928,0,8,1967.0,183.2,183.2,0,1,8,8,28,3000000,5000000,3495000.0,1
728,0,2018,DER JÄGER (THE HUNTER),32,1938,1,8,1966.0,180.3,130.2,1,3,4,4,41,1800000,2500000,3615000.0,1
729,0,2018,FEET DON'T FAIL ME NOW,68,1955,1,6,1995.0,274.3,182.9,1,2,4,4,5,8000000,12000000,8879400.0,1
730,0,2018,FLAG,24,1930,1,7,1994.0,32.4,50.2,1,2,3,3,32,12000000,18000000,13056700.0,1
731,0,2018,A STREET,65,1887,0,8,1926.0,122.6,76.2,0,10,5,5,34,12000000,18000000,13282500.0,1
732,0,2018,MONTCALM INTERIOR WITH 2 DOGS,124,1937,1,8,1988.0,182.9,152.4,0,2,2,2,17,9000000,12000000,12718000.0,1
733,0,2018,LIKE NEW,15,1923,0,8,1962.0,93.7,146.1,1,2,4,4,16,6000000,8000000,5944000.0,1
734,0,2018,FLUTTER,75,1924,0,7,1960.0,171.5,170.2,1,6,5,5,26,2000000,3000000,1400000.0,0
735,0,2018,UNTITLED,99,1903,0,7,1969.0,199.4,148.6,0,1,3,3,33,5000000,7000000,6056900.0,1
736,0,2018,FUCKEM,68,1955,1,6,1992.0,132.1,91.4,1,3,1,1,4,6000000,8000000,7348500.0,1
737,0,2018,UNTITLED ANTHROPOMETRY (ANT 163),20,1928,0,0,1960.0,87.3,45.4,1,2,5,5,44,2000000,3000000,1935000.0,1
738,0,2018,UNTITLED,58,1960,0,8,1982.0,40.6,34.3,0,4,1,1,7,1500000,2000000,4455000.0,1
739,0,2018,UNTITLED,45,1928,0,8,1964.0,168.9,200.7,1,6,7,7,31,6000000,8000000,8653600.0,1
740,0,2018,SISTER CITIES - FOR TOKYO,83,1958,0,7,1985.0,236.9,297.8,1,1,6,6,23,4000000,6000000,4455000.0,1
741,0,2018,SHADOW,93,1928,0,7,1979.0,193.0,137.8,0,3,0,0,48,1200000,1800000,1425000.0,1
742,0,2018,UNTITLED,99,1903,0,8,1947.0,138.4,92.1,1,6,1,1,43,1800000,2500000,3135000.0,1
743,0,2018,I'LL PUT A SPELL ON YOU,1,1958,1,7,2004.0,137.2,195.6,0,3,2,2,3,150000,200000,975000.0,1
744,0,2018,UNTITLED (COWBOY),49,1949,1,4,2013.0,209.2,178.1,0,2,0,0,47,1200000,1800000,1695000.0,1
745,0,2018,ANCIENT MENTOR I,61,1939,0,7,1985.0,169.5,169.5,1,2,1,1,36,800000,1200000,2235000.0,1
746,0,2018,UNTITLED,58,1960,0,8,1982.0,51.1,41.0,1,1,10,10,22,1500000,2000000,2535000.0,1
747,0,2018,"THAT WAS THEN, THIS IS NOW",136,1937,1,7,1989.0,81.9,117.5,1,4,3,3,1,1500000,2000000,5774650.0,1
748,0,2018,FOND ROUGE,52,1898,0,8,1949.0,121.9,152.4,1,2,5,5,45,1500000,2000000,1815000.0,1
749,0,2018,NUDE,19,1920,1,8,1963.0,152.7,92.1,1,2,5,5,27,1500000,2000000,2655000.0,1
750,0,2018,SIGHT GAG,12,1936,1,7,1974.0,328.9,328.9,0,4,3,3,25,5500000,7500000,8879400.0,1
751,0,2018,AMITYVILLE,133,1904,0,8,1971.0,203.2,177.8,1,2,6,6,30,10000000,15000000,11589000.0,1
752,0,2018,NORTH PHILLY NIGGAH (WILLIAM CORBETT),89,1945,0,7,1975.0,182.9,121.9,1,2,3,3,2,1200000,1800000,1935000.0,1
753,0,2018,LEISE ZIEHT DURCH MEIN GEMÜT LIEBLICHES GELÄUTE (MELLOW SOUND OF BELLS RINGS GENTLY THROUGH MY MIND),42,1880,0,8,1961.0,188.0,122.9,1,7,5,5,35,5000000,7000000,8597150.0,1
754,0,2018,FIGURES,15,1923,0,8,1977.0,112.0,254.0,1,3,6,6,24,6000000,8000000,6734300.0,1
755,0,2018,MOVING WISP,124,1937,1,8,1995.0,183.5,208.9,1,3,1,1,29,5000000,7000000,8540700.0,1
756,0,2018,THE BUSINESSMEN,90,1917,0,5,1947.0,51.1,70.0,1,3,2,2,18,1500000,2000000,6169800.0,1
